subject,model,raw,epoch,tracking_r_mean,tracking_r_median,tracking_r_max,tracking_r_min,tracking_r_sd,positive_channel_count,positive_channel_fraction,best_channel,minimum_channel,n_result_channels,contains_veog,h_shape,det_mean,finite_result,audio_alignment_qc,cache_qc,include_trf_primary,trf_exclusion_reason,cache_path,result_summary,correct,total,score_prop,high_noise_flag,exclude_high_noise,notes,include_prediction_primary,include_sensitivity,analysis_status
sub-01,gammatone-8,0.5-20,chapter-1,0.03267959055988558,0.03661419871364336,0.09222701326326761,-0.04488469451549777,0.03186987741520499,53,0.8833333333333333,41,24,60,False,"(60, 8, 56)",0.0014336717394180206,True,pass,pass,True,,/Users/yanyuwoo/Data/bids/derivatives/eelbrain/cache/trf/sub-01/subject-01_raw-0.5-20_epoch-chapter-1_key-e022d094f8f36fbb.pickle,"<BoostingResult eeg ~ gammatone-8, -0.1 - 1, error=l1, basis=0.05, partitions=5, test=1, selective_stopping=1>",6.0,8.0,0.75,False,True,use,True,True,include_primary_and_sensitivity
sub-02,gammatone-8,0.5-20,chapter-1,0.05288737472586923,0.06031304561843302,0.13451902523983217,-0.054335708077399104,0.0491285972719563,49,0.8166666666666667,57,50,60,False,"(60, 8, 56)",0.0025555356023918285,True,pass,pass,True,,/Users/yanyuwoo/Data/bids/derivatives/eelbrain/cache/trf/sub-02/subject-02_raw-0.5-20_epoch-chapter-1_key-9284de632a79a183.pickle,"<BoostingResult eeg ~ gammatone-8, -0.1 - 1, error=l1, basis=0.05, partitions=5, test=1, selective_stopping=1>",6.0,8.0,0.75,True,False,exclude: noise,True,False,include_primary;exclude_high_noise_sensitivity
sub-03,gammatone-8,0.5-20,chapter-1,0.03232059225812236,0.037901386096551665,0.07067039220000823,-0.031487353362304765,0.02670247155473412,51,0.85,20,12,60,False,"(60, 8, 56)",0.0009349844178320262,True,pass,pass,True,,/Users/yanyuwoo/Data/bids/derivatives/eelbrain/cache/trf/sub-03/subject-03_raw-0.5-20_epoch-chapter-1_key-98aa6c716e227b41.pickle,"<BoostingResult eeg ~ gammatone-8, -0.1 - 1, error=l1, basis=0.05, partitions=5, test=1, selective_stopping=1>",6.0,8.0,0.75,False,True,use,True,True,include_primary_and_sensitivity
sub-04,gammatone-8,0.5-20,chapter-1,0.007048551843051761,0.006877666280404785,0.067023709683025,-0.054958725330847724,0.02848838709381932,34,0.5666666666666667,50,27,60,False,"(60, 8, 56)",-7.873846799825539e-07,True,pass,pass,True,,/Users/yanyuwoo/Data/bids/derivatives/eelbrain/cache/trf/sub-04/subject-04_raw-0.5-20_epoch-chapter-1_key-45c69caed97c453b.pickle,"<BoostingResult eeg ~ gammatone-8, -0.1 - 1, error=l1, basis=0.05, partitions=5, test=1, selective_stopping=1>",7.0,8.0,0.875,False,True,use,True,True,include_primary_and_sensitivity
sub-05,gammatone-8,0.5-20,chapter-1,0.03366743273220391,0.03428377661175226,0.08292086516288594,-0.013479312935312123,0.019649177021013577,56,0.9333333333333333,50,30,60,False,"(60, 8, 56)",0.0008371830930853641,True,pass,pass,True,,/Users/yanyuwoo/Data/bids/derivatives/eelbrain/cache/trf/sub-05/subject-05_raw-0.5-20_epoch-chapter-1_key-423ac3ddabdb1f74.pickle,"<BoostingResult eeg ~ gammatone-8, -0.1 - 1, error=l1, basis=0.05, partitions=5, test=1, selective_stopping=1>",7.0,8.0,0.875,False,True,use,True,True,include_primary_and_sensitivity
sub-06,gammatone-8,0.5-20,chapter-1,0.03194866000127364,0.03290990448745383,0.09263268622721975,-0.04619927916036037,0.03168614661088472,50,0.8333333333333334,50,28,60,False,"(60, 8, 56)",0.0012212754035101432,True,pass,pass,True,,/Users/yanyuwoo/Data/bids/derivatives/eelbrain/cache/trf/sub-06/subject-06_raw-0.5-20_epoch-chapter-1_key-ee0f7ff07eef8bf9.pickle,"<BoostingResult eeg ~ gammatone-8, -0.1 - 1, error=l1, basis=0.05, partitions=5, test=1, selective_stopping=1>",5.0,8.0,0.625,False,True,use,True,True,include_primary_and_sensitivity
sub-07,gammatone-8,0.5-20,chapter-1,0.04109970801142746,0.047054920820577655,0.08460288517884149,-0.006431178665646505,0.02398822609800988,57,0.95,19,57,60,False,"(60, 8, 56)",0.0012781600387204181,True,pass,pass,True,,/Users/yanyuwoo/Data/bids/derivatives/eelbrain/cache/trf/sub-07/subject-07_raw-0.5-20_epoch-chapter-1_key-c71fbcf2d3a68c9a.pickle,"<BoostingResult eeg ~ gammatone-8, -0.1 - 1, error=l1, basis=0.05, partitions=5, test=1, selective_stopping=1>",4.0,8.0,0.5,False,True,exclude: low score,True,True,include_primary_and_sensitivity
sub-08,gammatone-8,0.5-20,chapter-1,0.023952359741999298,0.026043586342816297,0.08404132740526535,-0.012810013048133074,0.020162732023841973,51,0.85,50,53,60,False,"(60, 8, 56)",0.0009359948904896461,True,pass,pass,True,,/Users/yanyuwoo/Data/bids/derivatives/eelbrain/cache/trf/sub-08/subject-08_raw-0.5-20_epoch-chapter-1_key-4891b482baef9c37.pickle,"<BoostingResult eeg ~ gammatone-8, -0.1 - 1, error=l1, basis=0.05, partitions=5, test=1, selective_stopping=1>",6.0,8.0,0.75,False,True,use,True,True,include_primary_and_sensitivity
sub-09,gammatone-8,0.5-20,chapter-1,0.04678931371427506,0.04694606832717715,0.09101551868180718,-0.004844098237077706,0.02591178523724093,56,0.9333333333333333,10,47,60,False,"(60, 8, 56)",0.0014127224236775945,True,fail,pass,False,audio_alignment_failed,/Users/yanyuwoo/Data/bids/derivatives/eelbrain/cache/trf/sub-09/subject-09_raw-0.5-20_epoch-chapter-1_key-0ea9e9e8cabdee7e.pickle,"<BoostingResult eeg ~ gammatone-8, -0.1 - 1, error=l1, basis=0.05, partitions=5, test=1, selective_stopping=1>",2.0,8.0,0.25,False,True,exclude: low score,False,False,exclude_trf:audio_alignment_failed
sub-10,gammatone-8,0.5-20,chapter-1,0.029255716856457614,0.03064208214303135,0.09827172771510088,-0.020499567564050237,0.025031689292581073,51,0.85,51,17,60,False,"(60, 8, 56)",0.0008426902517840506,True,pass,pass,True,,/Users/yanyuwoo/Data/bids/derivatives/eelbrain/cache/trf/sub-10/subject-10_raw-0.5-20_epoch-chapter-1_key-33f5678ba1160461.pickle,"<BoostingResult eeg ~ gammatone-8, -0.1 - 1, error=l1, basis=0.05, partitions=5, test=1, selective_stopping=1>",5.0,8.0,0.625,False,True,use,True,True,include_primary_and_sensitivity
sub-11,gammatone-8,0.5-20,chapter-1,0.00257179527239025,0.008784967397848308,0.042775659581938776,-0.06802777265984289,0.0280332062985867,36,0.6,61,26,60,False,"(60, 8, 56)",-0.0002279391289433034,True,pass,pass,True,,/Users/yanyuwoo/Data/bids/derivatives/eelbrain/cache/trf/sub-11/subject-11_raw-0.5-20_epoch-chapter-1_key-adfa1517e1472a1a.pickle,"<BoostingResult eeg ~ gammatone-8, -0.1 - 1, error=l1, basis=0.05, partitions=5, test=1, selective_stopping=1>",6.0,8.0,0.75,False,True,use,True,True,include_primary_and_sensitivity
sub-12,gammatone-8,0.5-20,chapter-1,0.03973010910425579,0.03981723724255991,0.09243264714994216,0.00217157032571641,0.01672435045632987,60,1.0,49,56,60,False,"(60, 8, 56)",0.0011282406610079825,True,pass,pass,True,,/Users/yanyuwoo/Data/bids/derivatives/eelbrain/cache/trf/sub-12/subject-12_raw-0.5-20_epoch-chapter-1_key-8f2f86a51f07a2b7.pickle,"<BoostingResult eeg ~ gammatone-8, -0.1 - 1, error=l1, basis=0.05, partitions=5, test=1, selective_stopping=1>",6.0,8.0,0.75,False,True,use,True,True,include_primary_and_sensitivity
sub-13,gammatone-8,0.5-20,chapter-1,0.08232685871873742,0.08105117587635241,0.20230382096587246,-0.014671603805451452,0.06452202225445597,55,0.9166666666666666,44,52,60,False,"(60, 8, 56)",0.007444616893693915,True,pass,pass,True,,/Users/yanyuwoo/Data/bids/derivatives/eelbrain/cache/trf/sub-13/subject-13_raw-0.5-20_epoch-chapter-1_key-92f55cea9b798296.pickle,"<BoostingResult eeg ~ gammatone-8, -0.1 - 1, error=l1, basis=0.05, partitions=5, test=1, selective_stopping=1>",8.0,8.0,1.0,False,True,use,True,True,include_primary_and_sensitivity
sub-14,gammatone-8,0.5-20,chapter-1,0.09359240094773005,0.10277667137822527,0.18245116038956916,-0.024234064811735546,0.04538006680265726,59,0.9833333333333333,58,56,60,False,"(60, 8, 56)",0.006107378361173235,True,pass,pass,True,,/Users/yanyuwoo/Data/bids/derivatives/eelbrain/cache/trf/sub-14/subject-14_raw-0.5-20_epoch-chapter-1_key-8ba04d1fabc31810.pickle,"<BoostingResult eeg ~ gammatone-8, -0.1 - 1, error=l1, basis=0.05, partitions=5, test=1, selective_stopping=1>",4.0,4.0,1.0,False,True,use,True,True,include_primary_and_sensitivity
sub-15,gammatone-8,0.5-20,chapter-1,0.046096498349571156,0.05028501361971888,0.12494000584755278,-0.04840938469187753,0.04452860251483587,50,0.8333333333333334,58,53,60,False,"(60, 8, 56)",0.002377239162652922,True,pass,pass,True,,/Users/yanyuwoo/Data/bids/derivatives/eelbrain/cache/trf/sub-15/subject-15_raw-0.5-20_epoch-chapter-1_key-96546cf91efd7523.pickle,"<BoostingResult eeg ~ gammatone-8, -0.1 - 1, error=l1, basis=0.05, partitions=5, test=1, selective_stopping=1>",4.0,4.0,1.0,False,True,use,True,True,include_primary_and_sensitivity
sub-16,gammatone-8,0.5-20,chapter-1,0.06140515793597126,0.06414940076533354,0.13080987845090566,-0.009958910069586926,0.041800155009826534,56,0.9333333333333333,34,57,60,False,"(60, 8, 56)",0.0030742008148399113,True,fail,pass,False,audio_alignment_failed,/Users/yanyuwoo/Data/bids/derivatives/eelbrain/cache/trf/sub-16/subject-16_raw-0.5-20_epoch-chapter-1_key-610479ca02d6d6f4.pickle,"<BoostingResult eeg ~ gammatone-8, -0.1 - 1, error=l1, basis=0.05, partitions=5, test=1, selective_stopping=1>",6.0,8.0,0.75,False,True,use,False,False,exclude_trf:audio_alignment_failed
sub-17,gammatone-8,0.5-20,chapter-1,0.0555179983111339,0.05556524198907839,0.11406702778242107,-0.019319538274832408,0.02931285176296796,59,0.9833333333333333,19,17,60,False,"(60, 8, 56)",0.0017791635926793115,True,pass,pass,True,,/Users/yanyuwoo/Data/bids/derivatives/eelbrain/cache/trf/sub-17/subject-17_raw-0.5-20_epoch-chapter-1_key-76fd002a68b94352.pickle,"<BoostingResult eeg ~ gammatone-8, -0.1 - 1, error=l1, basis=0.05, partitions=5, test=1, selective_stopping=1>",6.0,8.0,0.75,False,True,use,True,True,include_primary_and_sensitivity
sub-18,gammatone-8,0.5-20,chapter-1,0.044077571526505016,0.04434368341261362,0.08430533728733325,-0.02656645636020403,0.026027185269882742,55,0.9166666666666666,43,26,60,False,"(60, 8, 56)",0.0012971149103397418,True,pass,pass,True,,/Users/yanyuwoo/Data/bids/derivatives/eelbrain/cache/trf/sub-18/subject-18_raw-0.5-20_epoch-chapter-1_key-c00d1364d7631cc4.pickle,"<BoostingResult eeg ~ gammatone-8, -0.1 - 1, error=l1, basis=0.05, partitions=5, test=1, selective_stopping=1>",7.0,8.0,0.875,False,True,use,True,True,include_primary_and_sensitivity
sub-19,gammatone-8,0.5-20,chapter-1,0.03309048495834748,0.03202620480054723,0.06472410302050235,-0.012319387637819472,0.019455179588706666,57,0.95,43,32,60,False,"(60, 8, 56)",0.0010341388195276118,True,pass,pass,True,,/Users/yanyuwoo/Data/bids/derivatives/eelbrain/cache/trf/sub-19/subject-19_raw-0.5-20_epoch-chapter-1_key-6988263e10dcaa41.pickle,"<BoostingResult eeg ~ gammatone-8, -0.1 - 1, error=l1, basis=0.05, partitions=5, test=1, selective_stopping=1>",8.0,8.0,1.0,False,True,use,True,True,include_primary_and_sensitivity
sub-20,gammatone-8,0.5-20,chapter-1,0.023146968681046234,0.022116815603817085,0.08012549282773881,-0.015340427900497635,0.018911421902233515,53,0.8833333333333333,50,20,60,False,"(60, 8, 56)",0.00045417523830866834,True,pass,pass,True,,/Users/yanyuwoo/Data/bids/derivatives/eelbrain/cache/trf/sub-20/subject-20_raw-0.5-20_epoch-chapter-1_key-f4fe0232bf3b3c5a.pickle,"<BoostingResult eeg ~ gammatone-8, -0.1 - 1, error=l1, basis=0.05, partitions=5, test=1, selective_stopping=1>",5.0,8.0,0.625,False,True,use,True,True,include_primary_and_sensitivity
sub-21,gammatone-8,0.5-20,chapter-1,0.027766645863256664,0.028281893760993215,0.07180466008182294,-0.0371695289344271,0.02543775440689025,51,0.85,20,56,60,False,"(60, 8, 56)",0.0012643318743235858,True,pass,pass,True,,/Users/yanyuwoo/Data/bids/derivatives/eelbrain/cache/trf/sub-21/subject-21_raw-0.5-20_epoch-chapter-1_key-e04c83ed1a482902.pickle,"<BoostingResult eeg ~ gammatone-8, -0.1 - 1, error=l1, basis=0.05, partitions=5, test=1, selective_stopping=1>",,,,False,False,use,False,False,exclude_prediction:missing_comprehension_score
sub-22,gammatone-8,0.5-20,chapter-1,0.0050780373301029386,0.004211045251073003,0.055575488338719274,-0.0373185324878078,0.021764676036019313,36,0.6,49,31,60,False,"(60, 8, 56)",4.382140141177363e-06,True,pass,pass,True,,/Users/yanyuwoo/Data/bids/derivatives/eelbrain/cache/trf/sub-22/subject-22_raw-0.5-20_epoch-chapter-1_key-f1fda16c6cf92af8.pickle,"<BoostingResult eeg ~ gammatone-8, -0.1 - 1, error=l1, basis=0.05, partitions=5, test=1, selective_stopping=1>",6.0,8.0,0.75,False,True,use,True,True,include_primary_and_sensitivity
sub-23,gammatone-8,0.5-20,chapter-1,0.014313339215265295,0.008539450654783521,0.06955005277832921,-0.02394128313887679,0.020723347716567923,47,0.7833333333333333,31,27,60,False,"(60, 8, 56)",9.954460532911047e-05,True,pass,pass,True,,/Users/yanyuwoo/Data/bids/derivatives/eelbrain/cache/trf/sub-23/subject-23_raw-0.5-20_epoch-chapter-1_key-417a50afc358291d.pickle,"<BoostingResult eeg ~ gammatone-8, -0.1 - 1, error=l1, basis=0.05, partitions=5, test=1, selective_stopping=1>",3.0,8.0,0.375,False,True,exclude: low score,True,True,include_primary_and_sensitivity
sub-24,gammatone-8,0.5-20,chapter-1,0.010936344110819505,0.0213130079307072,0.05423572366651594,-0.05306440702283169,0.02966582781391984,40,0.6666666666666666,50,5,60,False,"(60, 8, 56)",0.00010193334856065292,True,pass,pass,True,,/Users/yanyuwoo/Data/bids/derivatives/eelbrain/cache/trf/sub-24/subject-24_raw-0.5-20_epoch-chapter-1_key-964f4786c1327935.pickle,"<BoostingResult eeg ~ gammatone-8, -0.1 - 1, error=l1, basis=0.05, partitions=5, test=1, selective_stopping=1>",4.0,8.0,0.5,False,True,exclude: low score,True,True,include_primary_and_sensitivity
sub-25,gammatone-8,0.5-20,chapter-1,0.03440213677521196,0.03703885744797474,0.0661609588269392,-0.050089296683428784,0.021720395302581047,56,0.9333333333333333,45,28,60,False,"(60, 8, 56)",0.0006929052289054068,True,pass,pass,True,,/Users/yanyuwoo/Data/bids/derivatives/eelbrain/cache/trf/sub-25/subject-25_raw-0.5-20_epoch-chapter-1_key-a89b015049f5d14b.pickle,"<BoostingResult eeg ~ gammatone-8, -0.1 - 1, error=l1, basis=0.05, partitions=5, test=1, selective_stopping=1>",5.0,8.0,0.625,False,True,use,True,True,include_primary_and_sensitivity
sub-26,gammatone-8,0.5-20,chapter-1,0.014086078692573233,0.014501589286783412,0.059245262720007956,-0.030699211212921983,0.021029023167861788,43,0.7166666666666667,50,57,60,False,"(60, 8, 56)",0.000593250314351416,True,pass,pass,True,,/Users/yanyuwoo/Data/bids/derivatives/eelbrain/cache/trf/sub-26/subject-26_raw-0.5-20_epoch-chapter-1_key-4fdc95c6dac6b20e.pickle,"<BoostingResult eeg ~ gammatone-8, -0.1 - 1, error=l1, basis=0.05, partitions=5, test=1, selective_stopping=1>",6.0,8.0,0.75,False,True,use,True,True,include_primary_and_sensitivity
sub-27,gammatone-8,0.5-20,chapter-1,0.034165455742926204,0.035855097120749954,0.07529514415357386,-0.030355216404545242,0.024299112450195764,55,0.9166666666666666,44,22,60,False,"(60, 8, 56)",0.0009123353865141275,True,pass,pass,True,,/Users/yanyuwoo/Data/bids/derivatives/eelbrain/cache/trf/sub-27/subject-27_raw-0.5-20_epoch-chapter-1_key-a89796e44fae251e.pickle,"<BoostingResult eeg ~ gammatone-8, -0.1 - 1, error=l1, basis=0.05, partitions=5, test=1, selective_stopping=1>",4.0,8.0,0.5,False,True,exclude: low score,True,True,include_primary_and_sensitivity
sub-28,gammatone-8,0.5-20,chapter-1,0.04951780987578192,0.050951875969089934,0.09247411768942074,-0.020690687734090992,0.02719411664088535,57,0.95,44,30,60,False,"(60, 8, 56)",0.0017156095241803542,True,pass,pass,True,,/Users/yanyuwoo/Data/bids/derivatives/eelbrain/cache/trf/sub-28/subject-28_raw-0.5-20_epoch-chapter-1_key-d9aa86c88c3eb123.pickle,"<BoostingResult eeg ~ gammatone-8, -0.1 - 1, error=l1, basis=0.05, partitions=5, test=1, selective_stopping=1>",7.0,8.0,0.875,True,False,exclude: noise,True,False,include_primary;exclude_high_noise_sensitivity
sub-29,gammatone-8,0.5-20,chapter-1,-0.0027527146501906707,-0.0014514371017211316,0.03490559258878717,-0.05519251828556156,0.020519401803593653,27,0.45,39,31,60,False,"(60, 8, 56)",-0.0003708569612323927,True,pass,pass,True,,/Users/yanyuwoo/Data/bids/derivatives/eelbrain/cache/trf/sub-29/subject-29_raw-0.5-20_epoch-chapter-1_key-20ff9fd44435f800.pickle,"<BoostingResult eeg ~ gammatone-8, -0.1 - 1, error=l1, basis=0.05, partitions=5, test=1, selective_stopping=1>",6.0,8.0,0.75,True,False,exclude: noise,True,False,include_primary;exclude_high_noise_sensitivity
sub-30,gammatone-8,0.5-20,chapter-1,0.0030183271716967084,0.001450395677561868,0.030555144491549106,-0.039630162526180124,0.015064692956294331,34,0.5666666666666667,60,23,60,False,"(60, 8, 56)",8.007046697060168e-05,True,pass,pass,True,,/Users/yanyuwoo/Data/bids/derivatives/eelbrain/cache/trf/sub-30/subject-30_raw-0.5-20_epoch-chapter-1_key-00b2862a85310397.pickle,"<BoostingResult eeg ~ gammatone-8, -0.1 - 1, error=l1, basis=0.05, partitions=5, test=1, selective_stopping=1>",4.0,8.0,0.5,False,True,exclude: low score,True,True,include_primary_and_sensitivity
sub-31,gammatone-8,0.5-20,chapter-1,-0.02032933105183165,-0.02245561436394103,0.020270877115921227,-0.05228655339540008,0.015968498308414878,4,0.06666666666666667,13,24,60,False,"(60, 8, 56)",-0.0007525671224142698,True,pass,pass,True,,/Users/yanyuwoo/Data/bids/derivatives/eelbrain/cache/trf/sub-31/subject-31_raw-0.5-20_epoch-chapter-1_key-f22acd3702df4257.pickle,"<BoostingResult eeg ~ gammatone-8, -0.1 - 1, error=l1, basis=0.05, partitions=5, test=1, selective_stopping=1>",3.0,4.0,0.75,True,False,exclude: noise,True,False,include_primary;exclude_high_noise_sensitivity
sub-32,gammatone-8,0.5-20,chapter-1,0.06895040493889901,0.07250225017673613,0.10463136596937106,-0.009541311986127529,0.02261339134323861,59,0.9833333333333333,3,57,60,False,"(60, 8, 56)",0.0023560008298802153,True,pass,pass,True,,/Users/yanyuwoo/Data/bids/derivatives/eelbrain/cache/trf/sub-32/subject-32_raw-0.5-20_epoch-chapter-1_key-a420efad150fbeba.pickle,"<BoostingResult eeg ~ gammatone-8, -0.1 - 1, error=l1, basis=0.05, partitions=5, test=1, selective_stopping=1>",4.0,8.0,0.5,False,True,exclude: low score,True,True,include_primary_and_sensitivity
sub-33,gammatone-8,0.5-20,chapter-1,-0.006564566812693563,-0.013512273352812514,0.053797941199615305,-0.03960700129358645,0.022898480075926705,19,0.31666666666666665,49,27,60,False,"(60, 8, 56)",-0.00024971637954281924,True,pass,pass,True,,/Users/yanyuwoo/Data/bids/derivatives/eelbrain/cache/trf/sub-33/subject-33_raw-0.5-20_epoch-chapter-1_key-d39e428aaf9aa246.pickle,"<BoostingResult eeg ~ gammatone-8, -0.1 - 1, error=l1, basis=0.05, partitions=5, test=1, selective_stopping=1>",8.0,8.0,1.0,True,False,exclude: noise,True,False,include_primary;exclude_high_noise_sensitivity
sub-34,gammatone-8,0.5-20,chapter-1,0.026420964988436615,0.03175688543806168,0.07335996391007713,-0.03168595609469595,0.026742202148709357,46,0.7666666666666667,33,60,60,False,"(60, 8, 56)",0.0010506738220609952,True,pass,pass,True,,/Users/yanyuwoo/Data/bids/derivatives/eelbrain/cache/trf/sub-34/subject-34_raw-0.5-20_epoch-chapter-1_key-e5943bf5bb106ee3.pickle,"<BoostingResult eeg ~ gammatone-8, -0.1 - 1, error=l1, basis=0.05, partitions=5, test=1, selective_stopping=1>",5.0,8.0,0.625,False,True,use,True,True,include_primary_and_sensitivity
sub-35,gammatone-8,0.5-20,chapter-1,0.026475007347433247,0.03108979424080189,0.07650411749233826,-0.039246981692161696,0.030586531008076623,46,0.7666666666666667,33,59,60,False,"(60, 8, 56)",0.0010063181840431368,True,pass,pass,True,,/Users/yanyuwoo/Data/bids/derivatives/eelbrain/cache/trf/sub-35/subject-35_raw-0.5-20_epoch-chapter-1_key-9e0c80c8dfd33d4c.pickle,"<BoostingResult eeg ~ gammatone-8, -0.1 - 1, error=l1, basis=0.05, partitions=5, test=1, selective_stopping=1>",5.0,8.0,0.625,False,True,use,True,True,include_primary_and_sensitivity
sub-36,gammatone-8,0.5-20,chapter-1,0.043092307391002956,0.047243421465557864,0.07193828259664756,-0.0026782310947813075,0.01876172289508885,58,0.9666666666666667,55,58,60,False,"(60, 8, 56)",0.0014425211917540057,True,pass,pass,True,,/Users/yanyuwoo/Data/bids/derivatives/eelbrain/cache/trf/sub-36/subject-36_raw-0.5-20_epoch-chapter-1_key-4ed5bc754fcba9ca.pickle,"<BoostingResult eeg ~ gammatone-8, -0.1 - 1, error=l1, basis=0.05, partitions=5, test=1, selective_stopping=1>",6.0,8.0,0.75,False,True,use,True,True,include_primary_and_sensitivity
sub-37,gammatone-8,0.5-20,chapter-1,0.00963495949025806,0.012094477249918372,0.0547348985740989,-0.053117338192753,0.02751650284444475,39,0.65,40,31,60,False,"(60, 8, 56)",0.00012856044663505834,True,pass,pass,True,,/Users/yanyuwoo/Data/bids/derivatives/eelbrain/cache/trf/sub-37/subject-37_raw-0.5-20_epoch-chapter-1_key-bceaa06a6cc05946.pickle,"<BoostingResult eeg ~ gammatone-8, -0.1 - 1, error=l1, basis=0.05, partitions=5, test=1, selective_stopping=1>",8.0,8.0,1.0,False,True,use,True,True,include_primary_and_sensitivity
sub-38,gammatone-8,0.5-20,chapter-1,0.06721243116470528,0.0825771238802541,0.10499900326265997,-0.03243644106792145,0.03270005554267307,56,0.9333333333333333,46,28,60,False,"(60, 8, 56)",0.0020777661289995363,True,pass,pass,True,,/Users/yanyuwoo/Data/bids/derivatives/eelbrain/cache/trf/sub-38/subject-38_raw-0.5-20_epoch-chapter-1_key-7cd13e1e12692815.pickle,"<BoostingResult eeg ~ gammatone-8, -0.1 - 1, error=l1, basis=0.05, partitions=5, test=1, selective_stopping=1>",8.0,8.0,1.0,False,True,use,True,True,include_primary_and_sensitivity
sub-39,gammatone-8,0.5-20,chapter-1,0.005827727752120595,0.00502650168080715,0.06685673387664068,-0.053222621505503206,0.02646567878555662,34,0.5666666666666667,59,22,60,False,"(60, 8, 56)",-7.818572350235346e-05,True,pass,pass,True,,/Users/yanyuwoo/Data/bids/derivatives/eelbrain/cache/trf/sub-39/subject-39_raw-0.5-20_epoch-chapter-1_key-9aebd636fd59ac3f.pickle,"<BoostingResult eeg ~ gammatone-8, -0.1 - 1, error=l1, basis=0.05, partitions=5, test=1, selective_stopping=1>",3.0,8.0,0.375,False,True,use,True,True,include_primary_and_sensitivity
sub-40,gammatone-8,0.5-20,chapter-1,0.020094053700009492,0.023852537095803514,0.053551059241041206,-0.041442081367327264,0.025025515082031807,44,0.7333333333333333,39,28,60,False,"(60, 8, 56)",0.00022361387465999656,True,pass,pass,True,,/Users/yanyuwoo/Data/bids/derivatives/eelbrain/cache/trf/sub-40/subject-40_raw-0.5-20_epoch-chapter-1_key-1dc8ed698fa06fc6.pickle,"<BoostingResult eeg ~ gammatone-8, -0.1 - 1, error=l1, basis=0.05, partitions=5, test=1, selective_stopping=1>",6.0,8.0,0.75,False,True,use,True,True,include_primary_and_sensitivity
sub-41,gammatone-8,0.5-20,chapter-1,0.027494450344810052,0.033779395816157666,0.08626073775992132,-0.03007836934129407,0.024977514888915146,51,0.8360655737704918,31,61,61,True,"(61, 8, 56)",0.0007730875111932992,True,pass,rerun_required,False,expected_60_channels_found_61;result_contains_VEOG,/Users/yanyuwoo/Data/bids/derivatives/eelbrain/cache/trf/sub-41/subject-41_raw-0.5-20_epoch-chapter-1_key-2eed1fb42c080648.pickle,"<BoostingResult eeg ~ gammatone-8, -0.1 - 1, error=l1, basis=0.05, partitions=5, test=1, selective_stopping=1>",7.0,8.0,0.875,False,True,use,False,False,exclude_trf:expected_60_channels_found_61;result_contains_VEOG
sub-42,gammatone-8,0.5-20,chapter-1,0.05155446080720551,0.05971088273724076,0.11800743897467918,-0.051244267878947466,0.03911083524488591,55,0.9166666666666666,10,57,60,False,"(60, 8, 56)",0.0023242672934654872,True,pass,pass,True,,/Users/yanyuwoo/Data/bids/derivatives/eelbrain/cache/trf/sub-42/subject-42_raw-0.5-20_epoch-chapter-1_key-b6e4cef8fed05d56.pickle,"<BoostingResult eeg ~ gammatone-8, -0.1 - 1, error=l1, basis=0.05, partitions=5, test=1, selective_stopping=1>",7.0,8.0,0.875,False,True,use,True,True,include_primary_and_sensitivity
sub-43,gammatone-8,0.5-20,chapter-1,0.00416962224490026,0.0,0.046566324045459066,-0.03722995091490539,0.01777840476644623,29,0.48333333333333334,59,25,60,False,"(60, 8, 56)",-0.00016596893495478547,True,pass,pass,True,,/Users/yanyuwoo/Data/bids/derivatives/eelbrain/cache/trf/sub-43/subject-43_raw-0.5-20_epoch-chapter-1_key-04d0971ecd697175.pickle,"<BoostingResult eeg ~ gammatone-8, -0.1 - 1, error=l1, basis=0.05, partitions=5, test=1, selective_stopping=1>",2.0,8.0,0.25,False,True,exclude: low score,True,True,include_primary_and_sensitivity
sub-44,gammatone-8,0.5-20,chapter-1,0.059317772890903626,0.06744139838031685,0.12044772924427802,-0.04633938516537756,0.04138630941010554,56,0.9333333333333333,49,27,60,False,"(60, 8, 56)",0.0021467344972139163,True,pass,pass,True,,/Users/yanyuwoo/Data/bids/derivatives/eelbrain/cache/trf/sub-44/subject-44_raw-0.5-20_epoch-chapter-1_key-88503586b37ec752.pickle,"<BoostingResult eeg ~ gammatone-8, -0.1 - 1, error=l1, basis=0.05, partitions=5, test=1, selective_stopping=1>",7.0,8.0,0.875,False,True,use,True,True,include_primary_and_sensitivity
sub-45,gammatone-8,0.5-20,chapter-1,0.08393734896778861,0.09143325206904049,0.1394300591358158,-0.01652049558454659,0.03917114297295772,59,0.9833333333333333,44,48,60,False,"(60, 8, 56)",0.004405674102006692,True,pass,pass,True,,/Users/yanyuwoo/Data/bids/derivatives/eelbrain/cache/trf/sub-45/subject-45_raw-0.5-20_epoch-chapter-1_key-785b3e0b4ac2dd42.pickle,"<BoostingResult eeg ~ gammatone-8, -0.1 - 1, error=l1, basis=0.05, partitions=5, test=1, selective_stopping=1>",5.0,8.0,0.625,False,True,use,True,True,include_primary_and_sensitivity
sub-46,gammatone-8,0.5-20,chapter-1,-0.03762181878293918,-0.03809412280927302,-0.00972249562668184,-0.060440102655751,0.00990758959591804,0,0.0,30,26,60,False,"(60, 8, 56)",-0.0005697952484904974,True,pass,pass,True,,/Users/yanyuwoo/Data/bids/derivatives/eelbrain/cache/trf/sub-46/subject-46_raw-0.5-20_epoch-chapter-1_key-89fe94de6993739d.pickle,"<BoostingResult eeg ~ gammatone-8, -0.1 - 1, error=l1, basis=0.05, partitions=5, test=1, selective_stopping=1>",3.0,8.0,0.375,True,False,exclude: low score & noise,True,False,include_primary;exclude_high_noise_sensitivity
sub-47,gammatone-8,0.5-20,chapter-1,-0.0034280831382972328,-0.0017699875401883292,0.03616778599759711,-0.056416613554585666,0.016252847743462397,24,0.4,51,56,60,False,"(60, 8, 56)",5.095241132718753e-05,True,pass,pass,True,,/Users/yanyuwoo/Data/bids/derivatives/eelbrain/cache/trf/sub-47/subject-47_raw-0.5-20_epoch-chapter-1_key-a563c290c7e1b75b.pickle,"<BoostingResult eeg ~ gammatone-8, -0.1 - 1, error=l1, basis=0.05, partitions=5, test=1, selective_stopping=1>",4.0,8.0,0.5,True,False,exclude: low score & noise,True,False,include_primary;exclude_high_noise_sensitivity
sub-48,gammatone-8,0.5-20,chapter-1,0.017772857532891748,0.016830977466792754,0.05746270564251573,-0.02855924278059949,0.015415742826238215,55,0.9166666666666666,24,30,60,False,"(60, 8, 56)",0.0003002824918292013,True,pass,pass,True,,/Users/yanyuwoo/Data/bids/derivatives/eelbrain/cache/trf/sub-48/subject-48_raw-0.5-20_epoch-chapter-1_key-36026b760888c430.pickle,"<BoostingResult eeg ~ gammatone-8, -0.1 - 1, error=l1, basis=0.05, partitions=5, test=1, selective_stopping=1>",7.0,8.0,0.875,False,True,use,True,True,include_primary_and_sensitivity
sub-49,gammatone-8,0.5-20,chapter-1,0.01865592683129862,0.013694850447337686,0.07909125512075169,-0.02385021616789086,0.02345822159179486,48,0.8,19,22,60,False,"(60, 8, 56)",0.0005494974522379477,True,pass,pass,True,,/Users/yanyuwoo/Data/bids/derivatives/eelbrain/cache/trf/sub-49/subject-49_raw-0.5-20_epoch-chapter-1_key-32727009b10f72d1.pickle,"<BoostingResult eeg ~ gammatone-8, -0.1 - 1, error=l1, basis=0.05, partitions=5, test=1, selective_stopping=1>",6.0,8.0,0.75,True,False,exclude: noise,True,False,include_primary;exclude_high_noise_sensitivity
