run_time,subject,experiment_id,predictor,estimator,raw,epoch,reference,inv,tstart,tstop,samplingrate,filter_x,status,error_type,error,traceback,tracking_r_mean,tracking_r_median,tracking_r_max,tracking_r_min,tracking_r_sd,positive_channel_count,positive_channel_fraction,best_channel,minimum_channel,n_result_channels,contains_veog,h_shape,finite_r,finite_h,finite_result,result_summary,proportion_explained_mean,cache_path,audio_alignment_qc,include_trf_primary,trf_exclusion_reason,correct,total,score_prop,low_score_flag,high_noise_flag,four_question_subject,s39_flag,exclude_high_noise,notes,include_prediction_primary,include_sensitivity
2026-08-25T16:38:14,sub-01,gammatone-1,gammatone-1,boosting,0.5-20,story-segments,mastoids,,-0.1,1.0,50,continuous,ok,,,,0.04292082297835623,0.042123017562503536,0.11982001113742932,-0.04974337841331275,0.04328600432292011,51,0.8360655737704918,41,60,61,False,"(61, 56)",True,True,True,"<BoostingResult eeg ~ gammatone-1, -0.1 - 1, error=l1, basis=0.05, partitions=5, test=1, selective_stopping=1>",0.0021932127184237558,/Users/yanyuwoo/Data/bids/derivatives/eelbrain/cache/trf/sub-01/subject-01_raw-0.5-20_epoch-story-segments_reference-mastoids_key-b305462856f62bca.pickle,pass,True,,6.0,8.0,0.75,False,False,False,False,True,use,True,True
2026-08-25T16:38:19,sub-02,gammatone-1,gammatone-1,boosting,0.5-20,story-segments,mastoids,,-0.1,1.0,50,continuous,ok,,,,0.052544844866712466,0.06140673425525568,0.11937127295334185,-0.04487835577974694,0.04425951933016822,52,0.8524590163934426,18,50,61,False,"(61, 56)",True,True,True,"<BoostingResult eeg ~ gammatone-1, -0.1 - 1, error=l1, basis=0.05, partitions=5, test=1, selective_stopping=1>",0.0020476538546624493,/Users/yanyuwoo/Data/bids/derivatives/eelbrain/cache/trf/sub-02/subject-02_raw-0.5-20_epoch-story-segments_reference-mastoids_key-85d7efa32b1ee554.pickle,pass,True,,6.0,8.0,0.75,False,True,False,False,False,exclude: noise,True,False
2026-08-25T16:38:22,sub-03,gammatone-1,gammatone-1,boosting,0.5-20,story-segments,mastoids,,-0.1,1.0,50,continuous,ok,,,,0.038021030135514375,0.04469820593883593,0.07688632575447125,-0.030516845480311746,0.028756734874644457,54,0.8852459016393442,56,25,61,False,"(61, 56)",True,True,True,"<BoostingResult eeg ~ gammatone-1, -0.1 - 1, error=l1, basis=0.05, partitions=5, test=1, selective_stopping=1>",0.0007169487149792275,/Users/yanyuwoo/Data/bids/derivatives/eelbrain/cache/trf/sub-03/subject-03_raw-0.5-20_epoch-story-segments_reference-mastoids_key-16b20ec4910e8db0.pickle,pass,True,,6.0,8.0,0.75,False,False,False,False,True,use,True,True
2026-08-25T16:38:25,sub-04,gammatone-1,gammatone-1,boosting,0.5-20,story-segments,mastoids,,-0.1,1.0,50,continuous,ok,,,,0.008656267605391366,0.008094938397131716,0.06475957428525042,-0.044629414543078255,0.02860142565986425,34,0.5573770491803278,24,27,61,False,"(61, 56)",True,True,True,"<BoostingResult eeg ~ gammatone-1, -0.1 - 1, error=l1, basis=0.05, partitions=5, test=1, selective_stopping=1>",0.00021232362012481548,/Users/yanyuwoo/Data/bids/derivatives/eelbrain/cache/trf/sub-04/subject-04_raw-0.5-20_epoch-story-segments_reference-mastoids_key-dd3589e046f92c6c.pickle,pass,True,,7.0,8.0,0.875,False,False,False,False,True,use,True,True
2026-08-25T16:38:28,sub-05,gammatone-1,gammatone-1,boosting,0.5-20,story-segments,mastoids,,-0.1,1.0,50,continuous,ok,,,,0.025403803367141854,0.021946105484969246,0.07503341820868939,-0.026312163175111265,0.01977582344499368,57,0.9344262295081968,50,31,61,False,"(61, 56)",True,True,True,"<BoostingResult eeg ~ gammatone-1, -0.1 - 1, error=l1, basis=0.05, partitions=5, test=1, selective_stopping=1>",0.0005082054571017619,/Users/yanyuwoo/Data/bids/derivatives/eelbrain/cache/trf/sub-05/subject-05_raw-0.5-20_epoch-story-segments_reference-mastoids_key-f08d6dd07cd0cd5a.pickle,pass,True,,7.0,8.0,0.875,False,False,False,False,True,use,True,True
2026-08-25T16:38:31,sub-06,gammatone-1,gammatone-1,boosting,0.5-20,story-segments,mastoids,,-0.1,1.0,50,continuous,ok,,,,0.03145967028428895,0.03258333709063277,0.10042499122880116,-0.0277872831011869,0.026336310337397778,55,0.9016393442622951,50,28,61,False,"(61, 56)",True,True,True,"<BoostingResult eeg ~ gammatone-1, -0.1 - 1, error=l1, basis=0.05, partitions=5, test=1, selective_stopping=1>",0.0010027740661837593,/Users/yanyuwoo/Data/bids/derivatives/eelbrain/cache/trf/sub-06/subject-06_raw-0.5-20_epoch-story-segments_reference-mastoids_key-3362d3c57d523d25.pickle,pass,True,,5.0,8.0,0.625,False,False,False,False,True,use,True,True
2026-08-25T16:38:35,sub-07,gammatone-1,gammatone-1,boosting,0.5-20,story-segments,mastoids,,-0.1,1.0,50,continuous,ok,,,,0.05176570178593212,0.059262577850233505,0.09101944413417302,-0.025538280041564804,0.027139170805718718,59,0.9672131147540983,19,30,61,False,"(61, 56)",True,True,True,"<BoostingResult eeg ~ gammatone-1, -0.1 - 1, error=l1, basis=0.05, partitions=5, test=1, selective_stopping=1>",0.0016048484242470985,/Users/yanyuwoo/Data/bids/derivatives/eelbrain/cache/trf/sub-07/subject-07_raw-0.5-20_epoch-story-segments_reference-mastoids_key-57aff7590e9e9289.pickle,pass,True,,4.0,8.0,0.5,True,False,False,False,True,exclude: low score,True,True
2026-08-25T16:38:38,sub-08,gammatone-1,gammatone-1,boosting,0.5-20,story-segments,mastoids,,-0.1,1.0,50,continuous,ok,,,,0.026913317792512638,0.03230003364638104,0.05689883085894453,-0.0192429508226931,0.02200841691258246,51,0.8360655737704918,19,26,61,False,"(61, 56)",True,True,True,"<BoostingResult eeg ~ gammatone-1, -0.1 - 1, error=l1, basis=0.05, partitions=5, test=1, selective_stopping=1>",0.0007863675999768432,/Users/yanyuwoo/Data/bids/derivatives/eelbrain/cache/trf/sub-08/subject-08_raw-0.5-20_epoch-story-segments_reference-mastoids_key-3df74c61ffa1b913.pickle,pass,True,,6.0,8.0,0.75,False,False,False,False,True,use,True,True
2026-08-25T16:38:42,sub-09,gammatone-1,gammatone-1,boosting,0.5-20,story-segments,mastoids,,-0.1,1.0,50,continuous,ok,,,,0.04415340844824114,0.045555532435069095,0.09548234306233881,-0.023763494823582358,0.029144454851142608,55,0.9016393442622951,11,46,61,False,"(61, 56)",True,True,True,"<BoostingResult eeg ~ gammatone-1, -0.1 - 1, error=l1, basis=0.05, partitions=5, test=1, selective_stopping=1>",0.0013028959038534846,/Users/yanyuwoo/Data/bids/derivatives/eelbrain/cache/trf/sub-09/subject-09_raw-0.5-20_epoch-story-segments_reference-mastoids_key-6e2c837401639efb.pickle,fail,False,audio_alignment_failed,2.0,8.0,0.25,True,False,False,False,True,exclude: low score,False,False
2026-08-25T16:38:45,sub-10,gammatone-1,gammatone-1,boosting,0.5-20,story-segments,mastoids,,-0.1,1.0,50,continuous,ok,,,,0.017713424702507082,0.01753476711531498,0.09789340864704803,-0.031072975286398196,0.02819749778815223,43,0.7049180327868853,51,41,61,False,"(61, 56)",True,True,True,"<BoostingResult eeg ~ gammatone-1, -0.1 - 1, error=l1, basis=0.05, partitions=5, test=1, selective_stopping=1>",0.0005298369995727164,/Users/yanyuwoo/Data/bids/derivatives/eelbrain/cache/trf/sub-10/subject-10_raw-0.5-20_epoch-story-segments_reference-mastoids_key-01a1a1f6604a0e4d.pickle,pass,True,,5.0,8.0,0.625,False,False,False,False,True,use,True,True
2026-08-25T16:38:48,sub-11,gammatone-1,gammatone-1,boosting,0.5-20,story-segments,mastoids,,-0.1,1.0,50,continuous,ok,,,,0.0015952290101288672,0.0009024008999830598,0.04696035506245264,-0.05934008336047725,0.024194732305691795,32,0.5245901639344263,32,25,61,False,"(61, 56)",True,True,True,"<BoostingResult eeg ~ gammatone-1, -0.1 - 1, error=l1, basis=0.05, partitions=5, test=1, selective_stopping=1>",-4.978682815594521e-05,/Users/yanyuwoo/Data/bids/derivatives/eelbrain/cache/trf/sub-11/subject-11_raw-0.5-20_epoch-story-segments_reference-mastoids_key-8147b1d71199d56c.pickle,pass,True,,6.0,8.0,0.75,False,False,False,False,True,use,True,True
2026-08-25T16:38:50,sub-12,gammatone-1,gammatone-1,boosting,0.5-20,story-segments,mastoids,,-0.1,1.0,50,continuous,ok,,,,0.02963451423914244,0.031135719389890248,0.07317578778180542,-0.01155704620527812,0.01744350347010882,57,0.9344262295081968,49,30,61,False,"(61, 56)",True,True,True,"<BoostingResult eeg ~ gammatone-1, -0.1 - 1, error=l1, basis=0.05, partitions=5, test=1, selective_stopping=1>",0.0005878098604443225,/Users/yanyuwoo/Data/bids/derivatives/eelbrain/cache/trf/sub-12/subject-12_raw-0.5-20_epoch-story-segments_reference-mastoids_key-3e3f95737914ab3f.pickle,pass,True,,6.0,8.0,0.75,False,False,False,False,True,use,True,True
2026-08-25T16:38:54,sub-13,gammatone-1,gammatone-1,boosting,0.5-20,story-segments,mastoids,,-0.1,1.0,50,continuous,ok,,,,0.07097734747519467,0.06639371428156163,0.1886352623727747,-0.02543150495031054,0.06374593826713591,49,0.8032786885245902,44,52,61,False,"(61, 56)",True,True,True,"<BoostingResult eeg ~ gammatone-1, -0.1 - 1, error=l1, basis=0.05, partitions=5, test=1, selective_stopping=1>",0.00601094050983188,/Users/yanyuwoo/Data/bids/derivatives/eelbrain/cache/trf/sub-13/subject-13_raw-0.5-20_epoch-story-segments_reference-mastoids_key-0546f75a8cafe086.pickle,pass,True,,8.0,8.0,1.0,False,False,False,False,True,use,True,True
2026-08-25T16:39:00,sub-14,gammatone-1,gammatone-1,boosting,0.5-20,story-segments,mastoids,,-0.1,1.0,50,continuous,ok,,,,0.088483938868474,0.09565120786438525,0.15824965073706887,-0.0004453029035202241,0.044551265356917745,60,0.9836065573770492,59,56,61,False,"(61, 56)",True,True,True,"<BoostingResult eeg ~ gammatone-1, -0.1 - 1, error=l1, basis=0.05, partitions=5, test=1, selective_stopping=1>",0.005147409095017876,/Users/yanyuwoo/Data/bids/derivatives/eelbrain/cache/trf/sub-14/subject-14_raw-0.5-20_epoch-story-segments_reference-mastoids_key-374c895c26aedfb4.pickle,pass,True,,4.0,4.0,1.0,False,False,True,False,True,use,True,True
2026-08-25T16:39:06,sub-15,gammatone-1,gammatone-1,boosting,0.5-20,story-segments,mastoids,,-0.1,1.0,50,continuous,ok,,,,0.05536070829602566,0.06474879134693484,0.13248809166941583,-0.026859009289926128,0.04463790246972951,50,0.819672131147541,58,53,61,False,"(61, 56)",True,True,True,"<BoostingResult eeg ~ gammatone-1, -0.1 - 1, error=l1, basis=0.05, partitions=5, test=1, selective_stopping=1>",0.0031031661421501394,/Users/yanyuwoo/Data/bids/derivatives/eelbrain/cache/trf/sub-15/subject-15_raw-0.5-20_epoch-story-segments_reference-mastoids_key-6a866f3de19daeda.pickle,pass,True,,4.0,4.0,1.0,False,False,True,False,True,use,True,True
2026-08-25T16:39:10,sub-16,gammatone-1,gammatone-1,boosting,0.5-20,story-segments,mastoids,,-0.1,1.0,50,continuous,ok,,,,0.05508909444923852,0.057463302546949396,0.12770510339579516,-0.006643669837064036,0.042360224117266074,53,0.8688524590163934,34,13,61,False,"(61, 56)",True,True,True,"<BoostingResult eeg ~ gammatone-1, -0.1 - 1, error=l1, basis=0.05, partitions=5, test=1, selective_stopping=1>",0.0025182536825183563,/Users/yanyuwoo/Data/bids/derivatives/eelbrain/cache/trf/sub-16/subject-16_raw-0.5-20_epoch-story-segments_reference-mastoids_key-0b844ae42d2e181b.pickle,fail,False,audio_alignment_failed,6.0,8.0,0.75,False,False,False,False,True,use,False,False
2026-08-25T16:39:14,sub-17,gammatone-1,gammatone-1,boosting,0.5-20,story-segments,mastoids,,-0.1,1.0,50,continuous,ok,,,,0.053328737978475475,0.052286721797703294,0.11242178489272793,-0.029107334477814936,0.033411560031740624,56,0.9180327868852459,10,17,61,False,"(61, 56)",True,True,True,"<BoostingResult eeg ~ gammatone-1, -0.1 - 1, error=l1, basis=0.05, partitions=5, test=1, selective_stopping=1>",0.0016553285753994427,/Users/yanyuwoo/Data/bids/derivatives/eelbrain/cache/trf/sub-17/subject-17_raw-0.5-20_epoch-story-segments_reference-mastoids_key-b77e789886e31c00.pickle,pass,True,,6.0,8.0,0.75,False,False,False,False,True,use,True,True
2026-08-25T16:39:18,sub-18,gammatone-1,gammatone-1,boosting,0.5-20,story-segments,mastoids,,-0.1,1.0,50,continuous,ok,,,,0.0525559809102881,0.05908930946151982,0.08772520148633181,-0.011089634138489263,0.026115974577703278,59,0.9672131147540983,5,52,61,False,"(61, 56)",True,True,True,"<BoostingResult eeg ~ gammatone-1, -0.1 - 1, error=l1, basis=0.05, partitions=5, test=1, selective_stopping=1>",0.0015058220894803485,/Users/yanyuwoo/Data/bids/derivatives/eelbrain/cache/trf/sub-18/subject-18_raw-0.5-20_epoch-story-segments_reference-mastoids_key-959c73ca18eba53b.pickle,pass,True,,7.0,8.0,0.875,False,False,False,False,True,use,True,True
2026-08-25T16:39:22,sub-19,gammatone-1,gammatone-1,boosting,0.5-20,story-segments,mastoids,,-0.1,1.0,50,continuous,ok,,,,0.034694041195934194,0.03561141983907492,0.06886652086610073,-0.02300097254069451,0.021955811510948598,57,0.9344262295081968,33,32,61,False,"(61, 56)",True,True,True,"<BoostingResult eeg ~ gammatone-1, -0.1 - 1, error=l1, basis=0.05, partitions=5, test=1, selective_stopping=1>",0.0010746095453979332,/Users/yanyuwoo/Data/bids/derivatives/eelbrain/cache/trf/sub-19/subject-19_raw-0.5-20_epoch-story-segments_reference-mastoids_key-3e41e5a165dc973b.pickle,pass,True,,8.0,8.0,1.0,False,False,False,False,True,use,True,True
2026-08-25T16:39:26,sub-20,gammatone-1,gammatone-1,boosting,0.5-20,story-segments,mastoids,,-0.1,1.0,50,continuous,ok,,,,0.019282862382147607,0.017796662882939948,0.09291334775115358,-0.019828516615272445,0.020260108692988787,50,0.819672131147541,50,32,61,False,"(61, 56)",True,True,True,"<BoostingResult eeg ~ gammatone-1, -0.1 - 1, error=l1, basis=0.05, partitions=5, test=1, selective_stopping=1>",0.0002913828907326382,/Users/yanyuwoo/Data/bids/derivatives/eelbrain/cache/trf/sub-20/subject-20_raw-0.5-20_epoch-story-segments_reference-mastoids_key-c4655897ab837b1d.pickle,pass,True,,5.0,8.0,0.625,False,False,False,False,True,use,True,True
2026-08-25T16:39:28,sub-21,gammatone-1,gammatone-1,boosting,0.5-20,story-segments,mastoids,,-0.1,1.0,50,continuous,ok,,,,0.02780000305316533,0.02548008894551745,0.06936310133157375,-0.023036858072219737,0.023136462470437557,53,0.8688524590163934,20,40,61,False,"(61, 56)",True,True,True,"<BoostingResult eeg ~ gammatone-1, -0.1 - 1, error=l1, basis=0.05, partitions=5, test=1, selective_stopping=1>",0.001063349680539775,/Users/yanyuwoo/Data/bids/derivatives/eelbrain/cache/trf/sub-21/subject-21_raw-0.5-20_epoch-story-segments_reference-mastoids_key-0cba1fe351b407dd.pickle,pass,True,,,,,False,False,False,False,False,use,False,False
2026-08-25T16:39:31,sub-22,gammatone-1,gammatone-1,boosting,0.5-20,story-segments,mastoids,,-0.1,1.0,50,continuous,ok,,,,0.004680143922961052,0.004646072793353591,0.07205225764311365,-0.04824916341258567,0.02748641503516023,34,0.5573770491803278,49,58,61,False,"(61, 56)",True,True,True,"<BoostingResult eeg ~ gammatone-1, -0.1 - 1, error=l1, basis=0.05, partitions=5, test=1, selective_stopping=1>",9.092672497927452e-05,/Users/yanyuwoo/Data/bids/derivatives/eelbrain/cache/trf/sub-22/subject-22_raw-0.5-20_epoch-story-segments_reference-mastoids_key-4e709b34c5cb7b3e.pickle,pass,True,,6.0,8.0,0.75,False,False,False,False,True,use,True,True
2026-08-25T16:39:34,sub-23,gammatone-1,gammatone-1,boosting,0.5-20,story-segments,mastoids,,-0.1,1.0,50,continuous,ok,,,,0.011679032897023878,0.008645441727188162,0.08252906497709535,-0.024146231693117904,0.01868008361556473,43,0.7049180327868853,32,55,61,False,"(61, 56)",True,True,True,"<BoostingResult eeg ~ gammatone-1, -0.1 - 1, error=l1, basis=0.05, partitions=5, test=1, selective_stopping=1>",7.125283997398451e-05,/Users/yanyuwoo/Data/bids/derivatives/eelbrain/cache/trf/sub-23/subject-23_raw-0.5-20_epoch-story-segments_reference-mastoids_key-39e0e41c5b2ca144.pickle,pass,True,,3.0,8.0,0.375,True,False,False,False,True,exclude: low score,True,True
2026-08-25T16:39:36,sub-24,gammatone-1,gammatone-1,boosting,0.5-20,story-segments,mastoids,,-0.1,1.0,50,continuous,ok,,,,0.01198734781398812,0.018712645482230502,0.059728360273198194,-0.04565670575803555,0.02855215555686614,40,0.6557377049180327,10,31,61,False,"(61, 56)",True,True,True,"<BoostingResult eeg ~ gammatone-1, -0.1 - 1, error=l1, basis=0.05, partitions=5, test=1, selective_stopping=1>",0.0001986593288364298,/Users/yanyuwoo/Data/bids/derivatives/eelbrain/cache/trf/sub-24/subject-24_raw-0.5-20_epoch-story-segments_reference-mastoids_key-bbf4f458b17b3b41.pickle,pass,True,,4.0,8.0,0.5,True,False,False,False,True,exclude: low score,True,True
2026-08-25T16:39:39,sub-25,gammatone-1,gammatone-1,boosting,0.5-20,story-segments,mastoids,,-0.1,1.0,50,continuous,ok,,,,0.027520073580852948,0.029690900253167563,0.06297225318343251,-0.042698301104071426,0.02248310063814238,55,0.9016393442622951,9,56,61,False,"(61, 56)",True,True,True,"<BoostingResult eeg ~ gammatone-1, -0.1 - 1, error=l1, basis=0.05, partitions=5, test=1, selective_stopping=1>",0.0005852921827545278,/Users/yanyuwoo/Data/bids/derivatives/eelbrain/cache/trf/sub-25/subject-25_raw-0.5-20_epoch-story-segments_reference-mastoids_key-b84c42d298bb3baf.pickle,pass,True,,5.0,8.0,0.625,False,False,False,False,True,use,True,True
2026-08-25T16:39:41,sub-26,gammatone-1,gammatone-1,boosting,0.5-20,story-segments,mastoids,,-0.1,1.0,50,continuous,ok,,,,0.019202523325254486,0.018724612795980256,0.06274689263962607,-0.031147893979385544,0.02111064435672399,52,0.8524590163934426,9,58,61,False,"(61, 56)",True,True,True,"<BoostingResult eeg ~ gammatone-1, -0.1 - 1, error=l1, basis=0.05, partitions=5, test=1, selective_stopping=1>",0.0007936529844498848,/Users/yanyuwoo/Data/bids/derivatives/eelbrain/cache/trf/sub-26/subject-26_raw-0.5-20_epoch-story-segments_reference-mastoids_key-40a519517fb5fab1.pickle,pass,True,,6.0,8.0,0.75,False,False,False,False,True,use,True,True
2026-08-25T16:39:44,sub-27,gammatone-1,gammatone-1,boosting,0.5-20,story-segments,mastoids,,-0.1,1.0,50,continuous,ok,,,,0.03484580259247606,0.04223386186313156,0.06743866513783779,-0.025799613128439987,0.02392616213974511,54,0.8852459016393442,44,54,61,False,"(61, 56)",True,True,True,"<BoostingResult eeg ~ gammatone-1, -0.1 - 1, error=l1, basis=0.05, partitions=5, test=1, selective_stopping=1>",0.0007329457239549865,/Users/yanyuwoo/Data/bids/derivatives/eelbrain/cache/trf/sub-27/subject-27_raw-0.5-20_epoch-story-segments_reference-mastoids_key-9b9c809ac806abaa.pickle,pass,True,,4.0,8.0,0.5,True,False,False,False,True,exclude: low score,True,True
2026-08-25T16:39:47,sub-28,gammatone-1,gammatone-1,boosting,0.5-20,story-segments,mastoids,,-0.1,1.0,50,continuous,ok,,,,0.05439029252068926,0.06289531152917253,0.10523748000139789,-0.030876422373868506,0.03447742131483868,57,0.9344262295081968,36,55,61,False,"(61, 56)",True,True,True,"<BoostingResult eeg ~ gammatone-1, -0.1 - 1, error=l1, basis=0.05, partitions=5, test=1, selective_stopping=1>",0.0019914876140885874,/Users/yanyuwoo/Data/bids/derivatives/eelbrain/cache/trf/sub-28/subject-28_raw-0.5-20_epoch-story-segments_reference-mastoids_key-64d6e6eab4ab03e0.pickle,pass,True,,7.0,8.0,0.875,False,True,False,False,False,exclude: noise,True,False
2026-08-25T16:39:51,sub-29,gammatone-1,gammatone-1,boosting,0.5-20,story-segments,mastoids,,-0.1,1.0,50,continuous,ok,,,,0.0034182819683854352,0.0011561984367353573,0.04629681925609826,-0.0553958194083102,0.019851011243976428,32,0.5245901639344263,39,52,61,False,"(61, 56)",True,True,True,"<BoostingResult eeg ~ gammatone-1, -0.1 - 1, error=l1, basis=0.05, partitions=5, test=1, selective_stopping=1>",-3.554746703789295e-05,/Users/yanyuwoo/Data/bids/derivatives/eelbrain/cache/trf/sub-29/subject-29_raw-0.5-20_epoch-story-segments_reference-mastoids_key-24f6fdf8c9e077f8.pickle,pass,True,,6.0,8.0,0.75,False,True,False,False,False,exclude: noise,True,False
2026-08-25T16:39:53,sub-30,gammatone-1,gammatone-1,boosting,0.5-20,story-segments,mastoids,,-0.1,1.0,50,continuous,ok,,,,0.005184155896603207,0.0066988322288221635,0.03270032813164859,-0.0342132952684529,0.014359597836010986,40,0.6557377049180327,24,26,61,False,"(61, 56)",True,True,True,"<BoostingResult eeg ~ gammatone-1, -0.1 - 1, error=l1, basis=0.05, partitions=5, test=1, selective_stopping=1>",8.656070911229129e-05,/Users/yanyuwoo/Data/bids/derivatives/eelbrain/cache/trf/sub-30/subject-30_raw-0.5-20_epoch-story-segments_reference-mastoids_key-8c50941de67ae6de.pickle,pass,True,,4.0,8.0,0.5,True,False,False,False,True,exclude: low score,True,True
2026-08-25T16:39:56,sub-31,gammatone-1,gammatone-1,boosting,0.5-20,story-segments,mastoids,,-0.1,1.0,50,continuous,ok,,,,-0.011755923260857415,-0.012245018155077557,0.043380264677236,-0.04177094865565382,0.017175412403213842,8,0.13114754098360656,14,46,61,False,"(61, 56)",True,True,True,"<BoostingResult eeg ~ gammatone-1, -0.1 - 1, error=l1, basis=0.05, partitions=5, test=1, selective_stopping=1>",-0.00027645571187562463,/Users/yanyuwoo/Data/bids/derivatives/eelbrain/cache/trf/sub-31/subject-31_raw-0.5-20_epoch-story-segments_reference-mastoids_key-8902fd016c77a02b.pickle,pass,True,,3.0,4.0,0.75,False,True,True,False,False,exclude: noise,True,False
2026-08-25T16:39:58,sub-32,gammatone-1,gammatone-1,boosting,0.5-20,story-segments,mastoids,,-0.1,1.0,50,continuous,ok,,,,0.0655335931902411,0.06825994129406501,0.10932853953239487,-0.025076302620807796,0.028559647455497914,58,0.9508196721311475,3,25,61,False,"(61, 56)",True,True,True,"<BoostingResult eeg ~ gammatone-1, -0.1 - 1, error=l1, basis=0.05, partitions=5, test=1, selective_stopping=1>",0.0019233820188738105,/Users/yanyuwoo/Data/bids/derivatives/eelbrain/cache/trf/sub-32/subject-32_raw-0.5-20_epoch-story-segments_reference-mastoids_key-41caa6caa59f307d.pickle,pass,True,,4.0,8.0,0.5,True,False,False,False,True,exclude: low score,True,True
2026-08-25T16:40:02,sub-33,gammatone-1,gammatone-1,boosting,0.5-20,story-segments,mastoids,,-0.1,1.0,50,continuous,ok,,,,-0.007577285359266947,-0.012663871026490144,0.04363223123984221,-0.04859744541120603,0.02235323018437162,22,0.36065573770491804,49,53,61,False,"(61, 56)",True,True,True,"<BoostingResult eeg ~ gammatone-1, -0.1 - 1, error=l1, basis=0.05, partitions=5, test=1, selective_stopping=1>",-0.00011912767931362294,/Users/yanyuwoo/Data/bids/derivatives/eelbrain/cache/trf/sub-33/subject-33_raw-0.5-20_epoch-story-segments_reference-mastoids_key-195b8efb81d7ccbe.pickle,pass,True,,8.0,8.0,1.0,False,True,False,False,False,exclude: noise,True,False
2026-08-25T16:40:04,sub-34,gammatone-1,gammatone-1,boosting,0.5-20,story-segments,mastoids,,-0.1,1.0,50,continuous,ok,,,,0.018299718192193407,0.020945875910549826,0.06361420466002721,-0.048611977631146594,0.025696737810969983,45,0.7377049180327869,33,55,61,False,"(61, 56)",True,True,True,"<BoostingResult eeg ~ gammatone-1, -0.1 - 1, error=l1, basis=0.05, partitions=5, test=1, selective_stopping=1>",0.0007150409632693023,/Users/yanyuwoo/Data/bids/derivatives/eelbrain/cache/trf/sub-34/subject-34_raw-0.5-20_epoch-story-segments_reference-mastoids_key-9a997591c2ee7d5e.pickle,pass,True,,5.0,8.0,0.625,False,False,False,False,True,use,True,True
2026-08-25T16:40:07,sub-35,gammatone-1,gammatone-1,boosting,0.5-20,story-segments,mastoids,,-0.1,1.0,50,continuous,ok,,,,0.03216702505965765,0.03524008756170192,0.0821103099326151,-0.040204035575743174,0.029488816731164498,51,0.8360655737704918,4,61,61,False,"(61, 56)",True,True,True,"<BoostingResult eeg ~ gammatone-1, -0.1 - 1, error=l1, basis=0.05, partitions=5, test=1, selective_stopping=1>",0.0011346976363519725,/Users/yanyuwoo/Data/bids/derivatives/eelbrain/cache/trf/sub-35/subject-35_raw-0.5-20_epoch-story-segments_reference-mastoids_key-058f5d3468b1d783.pickle,pass,True,,5.0,8.0,0.625,False,False,False,False,True,use,True,True
2026-08-25T16:40:10,sub-36,gammatone-1,gammatone-1,boosting,0.5-20,story-segments,mastoids,,-0.1,1.0,50,continuous,ok,,,,0.03152563942216574,0.034287083569618355,0.060839602414008355,-0.021565212612253346,0.015039362908595071,59,0.9672131147540983,37,28,61,False,"(61, 56)",True,True,True,"<BoostingResult eeg ~ gammatone-1, -0.1 - 1, error=l1, basis=0.05, partitions=5, test=1, selective_stopping=1>",0.0007944028819162942,/Users/yanyuwoo/Data/bids/derivatives/eelbrain/cache/trf/sub-36/subject-36_raw-0.5-20_epoch-story-segments_reference-mastoids_key-8c92bfc85218f520.pickle,pass,True,,6.0,8.0,0.75,False,False,False,False,True,use,True,True
2026-08-25T16:40:13,sub-37,gammatone-1,gammatone-1,boosting,0.5-20,story-segments,mastoids,,-0.1,1.0,50,continuous,ok,,,,0.01834399759587741,0.013229564101822255,0.06876873910288515,-0.03934774936486281,0.02976270236058544,40,0.6557377049180327,14,31,61,False,"(61, 56)",True,True,True,"<BoostingResult eeg ~ gammatone-1, -0.1 - 1, error=l1, basis=0.05, partitions=5, test=1, selective_stopping=1>",0.00037511537173785505,/Users/yanyuwoo/Data/bids/derivatives/eelbrain/cache/trf/sub-37/subject-37_raw-0.5-20_epoch-story-segments_reference-mastoids_key-888a499bc642c55c.pickle,pass,True,,8.0,8.0,1.0,False,False,False,False,True,use,True,True
2026-08-25T16:40:16,sub-38,gammatone-1,gammatone-1,boosting,0.5-20,story-segments,mastoids,,-0.1,1.0,50,continuous,ok,,,,0.06862826350264163,0.07885204915165323,0.10831877422009745,-0.029858937497853556,0.033170265580180394,58,0.9508196721311475,33,26,61,False,"(61, 56)",True,True,True,"<BoostingResult eeg ~ gammatone-1, -0.1 - 1, error=l1, basis=0.05, partitions=5, test=1, selective_stopping=1>",0.0018214489314752763,/Users/yanyuwoo/Data/bids/derivatives/eelbrain/cache/trf/sub-38/subject-38_raw-0.5-20_epoch-story-segments_reference-mastoids_key-dbb92ca1f90b6bf4.pickle,pass,True,,8.0,8.0,1.0,False,False,False,False,True,use,True,True
2026-08-25T16:40:20,sub-39,gammatone-1,gammatone-1,boosting,0.5-20,story-segments,mastoids,,-0.1,1.0,50,continuous,ok,,,,0.020150113976422815,0.02140850885089635,0.07709298214667049,-0.04176933713483274,0.026258098345476825,50,0.819672131147541,58,22,61,False,"(61, 56)",True,True,True,"<BoostingResult eeg ~ gammatone-1, -0.1 - 1, error=l1, basis=0.05, partitions=5, test=1, selective_stopping=1>",0.0002900335944134057,/Users/yanyuwoo/Data/bids/derivatives/eelbrain/cache/trf/sub-39/subject-39_raw-0.5-20_epoch-story-segments_reference-mastoids_key-4782c04ec78fe623.pickle,pass,True,,3.0,8.0,0.375,False,False,False,True,True,use,True,True
2026-08-25T16:40:23,sub-40,gammatone-1,gammatone-1,boosting,0.5-20,story-segments,mastoids,,-0.1,1.0,50,continuous,ok,,,,0.026085640009767083,0.030739890658219127,0.05960137483197455,-0.0574056179995461,0.023837058254546187,53,0.8688524590163934,36,26,61,False,"(61, 56)",True,True,True,"<BoostingResult eeg ~ gammatone-1, -0.1 - 1, error=l1, basis=0.05, partitions=5, test=1, selective_stopping=1>",0.00037820351896982477,/Users/yanyuwoo/Data/bids/derivatives/eelbrain/cache/trf/sub-40/subject-40_raw-0.5-20_epoch-story-segments_reference-mastoids_key-516f8fce94348a3f.pickle,pass,True,,6.0,8.0,0.75,False,False,False,False,True,use,True,True
2026-08-25T16:40:26,sub-41,gammatone-1,gammatone-1,boosting,0.5-20,story-segments,mastoids,,-0.1,1.0,50,continuous,ok,,,,0.02262280838235722,0.022305375038373015,0.07389715489610006,-0.019941949685648823,0.02287186487011648,49,0.8032786885245902,58,56,61,False,"(61, 56)",True,True,True,"<BoostingResult eeg ~ gammatone-1, -0.1 - 1, error=l1, basis=0.05, partitions=5, test=1, selective_stopping=1>",0.0005496457338276474,/Users/yanyuwoo/Data/bids/derivatives/eelbrain/cache/trf/sub-41/subject-41_raw-0.5-20_epoch-story-segments_reference-mastoids_key-24c4f803f5b30f7e.pickle,pass,True,,7.0,8.0,0.875,False,False,False,False,True,use,True,True
2026-08-25T16:40:28,sub-42,gammatone-1,gammatone-1,boosting,0.5-20,story-segments,mastoids,,-0.1,1.0,50,continuous,ok,,,,0.04292467353441445,0.053406585680146064,0.11939506373031353,-0.06091258947092163,0.042277321752728574,50,0.819672131147541,10,52,61,False,"(61, 56)",True,True,True,"<BoostingResult eeg ~ gammatone-1, -0.1 - 1, error=l1, basis=0.05, partitions=5, test=1, selective_stopping=1>",0.0017081937467786907,/Users/yanyuwoo/Data/bids/derivatives/eelbrain/cache/trf/sub-42/subject-42_raw-0.5-20_epoch-story-segments_reference-mastoids_key-8e7bfaca4cc3c1c5.pickle,pass,True,,7.0,8.0,0.875,False,False,False,False,True,use,True,True
2026-08-25T16:40:32,sub-43,gammatone-1,gammatone-1,boosting,0.5-20,story-segments,mastoids,,-0.1,1.0,50,continuous,ok,,,,0.007187943345954717,0.005680884561165583,0.06393291142585229,-0.02940567153395014,0.01950143485163726,36,0.5901639344262295,59,28,61,False,"(61, 56)",True,True,True,"<BoostingResult eeg ~ gammatone-1, -0.1 - 1, error=l1, basis=0.05, partitions=5, test=1, selective_stopping=1>",3.056718459648611e-05,/Users/yanyuwoo/Data/bids/derivatives/eelbrain/cache/trf/sub-43/subject-43_raw-0.5-20_epoch-story-segments_reference-mastoids_key-95e15a84ac56b28b.pickle,pass,True,,2.0,8.0,0.25,True,False,False,False,True,exclude: low score,True,True
2026-08-25T16:40:35,sub-44,gammatone-1,gammatone-1,boosting,0.5-20,story-segments,mastoids,,-0.1,1.0,50,continuous,ok,,,,0.056351941421814544,0.06043336371321615,0.12458266764997555,-0.03784895968149645,0.039647787621981005,57,0.9344262295081968,49,27,61,False,"(61, 56)",True,True,True,"<BoostingResult eeg ~ gammatone-1, -0.1 - 1, error=l1, basis=0.05, partitions=5, test=1, selective_stopping=1>",0.0018513102344281922,/Users/yanyuwoo/Data/bids/derivatives/eelbrain/cache/trf/sub-44/subject-44_raw-0.5-20_epoch-story-segments_reference-mastoids_key-99aaa3cfc3578acc.pickle,pass,True,,7.0,8.0,0.875,False,False,False,False,True,use,True,True
2026-08-25T16:40:39,sub-45,gammatone-1,gammatone-1,boosting,0.5-20,story-segments,mastoids,,-0.1,1.0,50,continuous,ok,,,,0.0766264826616566,0.0827321382106989,0.13224604968430106,0.0008242056585279903,0.03754339444776919,61,1.0,36,53,61,False,"(61, 56)",True,True,True,"<BoostingResult eeg ~ gammatone-1, -0.1 - 1, error=l1, basis=0.05, partitions=5, test=1, selective_stopping=1>",0.003587823435442396,/Users/yanyuwoo/Data/bids/derivatives/eelbrain/cache/trf/sub-45/subject-45_raw-0.5-20_epoch-story-segments_reference-mastoids_key-30a2a3f8df0a887b.pickle,pass,True,,5.0,8.0,0.625,False,False,False,False,True,use,True,True
2026-08-25T16:40:44,sub-46,gammatone-1,gammatone-1,boosting,0.5-20,story-segments,mastoids,,-0.1,1.0,50,continuous,ok,,,,-0.030773592868107925,-0.03284085407635101,-0.0035018948019624892,-0.049273161385123915,0.010667156656808365,0,0.0,56,42,61,False,"(61, 56)",True,True,True,"<BoostingResult eeg ~ gammatone-1, -0.1 - 1, error=l1, basis=0.05, partitions=5, test=1, selective_stopping=1>",-0.0002434892960510518,/Users/yanyuwoo/Data/bids/derivatives/eelbrain/cache/trf/sub-46/subject-46_raw-0.5-20_epoch-story-segments_reference-mastoids_key-9be5f4c8d79e4d7c.pickle,pass,True,,3.0,8.0,0.375,True,True,False,False,False,exclude: low score & noise,True,False
2026-08-25T16:40:46,sub-47,gammatone-1,gammatone-1,boosting,0.5-20,story-segments,mastoids,,-0.1,1.0,50,continuous,ok,,,,-0.002591344836830845,-0.0010575419949134148,0.05281968890137178,-0.039875515700435314,0.016471564439045135,26,0.4262295081967213,51,32,61,False,"(61, 56)",True,True,True,"<BoostingResult eeg ~ gammatone-1, -0.1 - 1, error=l1, basis=0.05, partitions=5, test=1, selective_stopping=1>",0.00011898532170435391,/Users/yanyuwoo/Data/bids/derivatives/eelbrain/cache/trf/sub-47/subject-47_raw-0.5-20_epoch-story-segments_reference-mastoids_key-a6493d4496c4dd29.pickle,pass,True,,4.0,8.0,0.5,True,True,False,False,False,exclude: low score & noise,True,False
2026-08-25T16:40:48,sub-48,gammatone-1,gammatone-1,boosting,0.5-20,story-segments,mastoids,,-0.1,1.0,50,continuous,ok,,,,0.014707730825554523,0.01540532795955671,0.059267110018349264,-0.03418368708887228,0.016630252990436092,51,0.8360655737704918,25,18,61,False,"(61, 56)",True,True,True,"<BoostingResult eeg ~ gammatone-1, -0.1 - 1, error=l1, basis=0.05, partitions=5, test=1, selective_stopping=1>",0.00025032092113796793,/Users/yanyuwoo/Data/bids/derivatives/eelbrain/cache/trf/sub-48/subject-48_raw-0.5-20_epoch-story-segments_reference-mastoids_key-984b2b7cb27372ed.pickle,pass,True,,7.0,8.0,0.875,False,False,False,False,True,use,True,True
2026-08-25T16:40:50,sub-49,gammatone-1,gammatone-1,boosting,0.5-20,story-segments,mastoids,,-0.1,1.0,50,continuous,ok,,,,0.013746363875484148,0.010941228693203317,0.06658526385757549,-0.0428181392824036,0.025458160812750995,42,0.6885245901639344,19,27,61,False,"(61, 56)",True,True,True,"<BoostingResult eeg ~ gammatone-1, -0.1 - 1, error=l1, basis=0.05, partitions=5, test=1, selective_stopping=1>",0.0003939811968880255,/Users/yanyuwoo/Data/bids/derivatives/eelbrain/cache/trf/sub-49/subject-49_raw-0.5-20_epoch-story-segments_reference-mastoids_key-deb2c5c32120e5fe.pickle,pass,True,,6.0,8.0,0.75,False,True,False,False,False,exclude: noise,True,False
