run_time,subject,experiment_id,predictor,estimator,raw,epoch,reference,inv,tstart,tstop,samplingrate,filter_x,status,error_type,error,traceback,tracking_r_mean,tracking_r_median,tracking_r_max,tracking_r_min,tracking_r_sd,positive_channel_count,positive_channel_fraction,best_channel,minimum_channel,n_result_channels,contains_veog,n_model_terms,h_shape,finite_r,finite_h,finite_result,result_summary,proportion_explained_mean,cache_path,audio_alignment_qc,include_trf_primary,trf_exclusion_reason,correct,total,score_prop,low_score_flag,high_noise_flag,four_question_subject,s39_flag,exclude_high_noise,notes,include_prediction_primary,include_sensitivity
2026-08-25T17:30:01,sub-01,gammatone-8-plus-gammatone-on-8,gammatone-8 + gammatone-on-8,boosting,0.5-20,story-segments,mastoids,,-0.1,1.0,50,continuous,ok,,,,0.04888123482509496,0.04756044642712005,0.12655132952394166,-0.03879597243641601,0.04390067398612783,50,0.819672131147541,41,61,61,False,2,"[(61, 8, 56), (61, 8, 56)]",True,True,True,"<BoostingResult eeg ~ gammatone-8 + gammatone-on-8, -0.1 - 1, error=l1, basis=0.05, partitions=5, test=1, selective_stopping=1>",0.002886160453234059,/Users/yanyuwoo/Data/bids/derivatives/eelbrain/cache/trf/sub-01/subject-01_raw-0.5-20_epoch-story-segments_reference-mastoids_key-c944b674d118f5af.pickle,pass,True,,6.0,8.0,0.75,False,False,False,False,True,use,True,True
2026-08-25T17:31:47,sub-02,gammatone-8-plus-gammatone-on-8,gammatone-8 + gammatone-on-8,boosting,0.5-20,story-segments,mastoids,,-0.1,1.0,50,continuous,ok,,,,0.05682169605296692,0.06640582552286149,0.12211082284532584,-0.03926744779479595,0.044743572154104405,53,0.8688524590163934,57,50,61,False,2,"[(61, 8, 56), (61, 8, 56)]",True,True,True,"<BoostingResult eeg ~ gammatone-8 + gammatone-on-8, -0.1 - 1, error=l1, basis=0.05, partitions=5, test=1, selective_stopping=1>",0.0025752820433486774,/Users/yanyuwoo/Data/bids/derivatives/eelbrain/cache/trf/sub-02/subject-02_raw-0.5-20_epoch-story-segments_reference-mastoids_key-5210c94e85203c4e.pickle,pass,True,,6.0,8.0,0.75,False,True,False,False,False,exclude: noise,True,False
2026-08-25T17:33:27,sub-03,gammatone-8-plus-gammatone-on-8,gammatone-8 + gammatone-on-8,boosting,0.5-20,story-segments,mastoids,,-0.1,1.0,50,continuous,ok,,,,0.04156544251632948,0.04649810122679585,0.07184045065559308,-0.02211625252953709,0.025296414813224796,57,0.9344262295081968,56,12,61,False,2,"[(61, 8, 56), (61, 8, 56)]",True,True,True,"<BoostingResult eeg ~ gammatone-8 + gammatone-on-8, -0.1 - 1, error=l1, basis=0.05, partitions=5, test=1, selective_stopping=1>",0.0010678761086852697,/Users/yanyuwoo/Data/bids/derivatives/eelbrain/cache/trf/sub-03/subject-03_raw-0.5-20_epoch-story-segments_reference-mastoids_key-44e781d210c645c9.pickle,pass,True,,6.0,8.0,0.75,False,False,False,False,True,use,True,True
2026-08-25T17:34:43,sub-04,gammatone-8-plus-gammatone-on-8,gammatone-8 + gammatone-on-8,boosting,0.5-20,story-segments,mastoids,,-0.1,1.0,50,continuous,ok,,,,0.014535877946058698,0.013870555860812341,0.058318846463758844,-0.04697634257169185,0.025453352691766264,42,0.6885245901639344,31,52,61,False,2,"[(61, 8, 56), (61, 8, 56)]",True,True,True,"<BoostingResult eeg ~ gammatone-8 + gammatone-on-8, -0.1 - 1, error=l1, basis=0.05, partitions=5, test=1, selective_stopping=1>",0.00013616421606455842,/Users/yanyuwoo/Data/bids/derivatives/eelbrain/cache/trf/sub-04/subject-04_raw-0.5-20_epoch-story-segments_reference-mastoids_key-200cba4fa7e2ca56.pickle,pass,True,,7.0,8.0,0.875,False,False,False,False,True,use,True,True
2026-08-25T17:35:54,sub-05,gammatone-8-plus-gammatone-on-8,gammatone-8 + gammatone-on-8,boosting,0.5-20,story-segments,mastoids,,-0.1,1.0,50,continuous,ok,,,,0.03151053452079297,0.03196282559302645,0.08010505115141822,-0.012474868818756694,0.018254934665521232,59,0.9672131147540983,50,31,61,False,2,"[(61, 8, 56), (61, 8, 56)]",True,True,True,"<BoostingResult eeg ~ gammatone-8 + gammatone-on-8, -0.1 - 1, error=l1, basis=0.05, partitions=5, test=1, selective_stopping=1>",0.0007131968957571121,/Users/yanyuwoo/Data/bids/derivatives/eelbrain/cache/trf/sub-05/subject-05_raw-0.5-20_epoch-story-segments_reference-mastoids_key-18b5233286dde876.pickle,pass,True,,7.0,8.0,0.875,False,False,False,False,True,use,True,True
2026-08-25T17:37:10,sub-06,gammatone-8-plus-gammatone-on-8,gammatone-8 + gammatone-on-8,boosting,0.5-20,story-segments,mastoids,,-0.1,1.0,50,continuous,ok,,,,0.028207774066099502,0.02595972506860326,0.09637050128139354,-0.02378632473919069,0.025733300626492053,53,0.8688524590163934,50,58,61,False,2,"[(61, 8, 56), (61, 8, 56)]",True,True,True,"<BoostingResult eeg ~ gammatone-8 + gammatone-on-8, -0.1 - 1, error=l1, basis=0.05, partitions=5, test=1, selective_stopping=1>",0.0008883461069047498,/Users/yanyuwoo/Data/bids/derivatives/eelbrain/cache/trf/sub-06/subject-06_raw-0.5-20_epoch-story-segments_reference-mastoids_key-98b402522d60fd0f.pickle,pass,True,,5.0,8.0,0.625,False,False,False,False,True,use,True,True
2026-08-25T17:38:38,sub-07,gammatone-8-plus-gammatone-on-8,gammatone-8 + gammatone-on-8,boosting,0.5-20,story-segments,mastoids,,-0.1,1.0,50,continuous,ok,,,,0.053156638240056314,0.06241275891371224,0.09178309610665335,-0.01565552907161604,0.027626335477092662,59,0.9672131147540983,19,30,61,False,2,"[(61, 8, 56), (61, 8, 56)]",True,True,True,"<BoostingResult eeg ~ gammatone-8 + gammatone-on-8, -0.1 - 1, error=l1, basis=0.05, partitions=5, test=1, selective_stopping=1>",0.0020415994459788036,/Users/yanyuwoo/Data/bids/derivatives/eelbrain/cache/trf/sub-07/subject-07_raw-0.5-20_epoch-story-segments_reference-mastoids_key-ee81f31565fb3a03.pickle,pass,True,,4.0,8.0,0.5,True,False,False,False,True,exclude: low score,True,True
2026-08-25T17:40:21,sub-08,gammatone-8-plus-gammatone-on-8,gammatone-8 + gammatone-on-8,boosting,0.5-20,story-segments,mastoids,,-0.1,1.0,50,continuous,ok,,,,0.029404889621989404,0.031040562414011767,0.06787275054220816,-0.014362784502171646,0.01961801484825549,54,0.8852459016393442,19,26,61,False,2,"[(61, 8, 56), (61, 8, 56)]",True,True,True,"<BoostingResult eeg ~ gammatone-8 + gammatone-on-8, -0.1 - 1, error=l1, basis=0.05, partitions=5, test=1, selective_stopping=1>",0.0010217771971612697,/Users/yanyuwoo/Data/bids/derivatives/eelbrain/cache/trf/sub-08/subject-08_raw-0.5-20_epoch-story-segments_reference-mastoids_key-89cb8bc6f541fe6e.pickle,pass,True,,6.0,8.0,0.75,False,False,False,False,True,use,True,True
2026-08-25T17:41:47,sub-09,gammatone-8-plus-gammatone-on-8,gammatone-8 + gammatone-on-8,boosting,0.5-20,story-segments,mastoids,,-0.1,1.0,50,continuous,ok,,,,0.04368002928779378,0.040809207984817256,0.10138575864198048,-0.015739325035465487,0.02846212827637763,58,0.9508196721311475,11,57,61,False,2,"[(61, 8, 56), (61, 8, 56)]",True,True,True,"<BoostingResult eeg ~ gammatone-8 + gammatone-on-8, -0.1 - 1, error=l1, basis=0.05, partitions=5, test=1, selective_stopping=1>",0.0014127928652277362,/Users/yanyuwoo/Data/bids/derivatives/eelbrain/cache/trf/sub-09/subject-09_raw-0.5-20_epoch-story-segments_reference-mastoids_key-10622bc310b1cc05.pickle,fail,False,audio_alignment_failed,2.0,8.0,0.25,True,False,False,False,True,exclude: low score,False,False
2026-08-25T17:43:22,sub-10,gammatone-8-plus-gammatone-on-8,gammatone-8 + gammatone-on-8,boosting,0.5-20,story-segments,mastoids,,-0.1,1.0,50,continuous,ok,,,,0.01654141249287874,0.013133393564713998,0.10728451854401164,-0.03213744204581585,0.027167316169829425,42,0.6885245901639344,51,31,61,False,2,"[(61, 8, 56), (61, 8, 56)]",True,True,True,"<BoostingResult eeg ~ gammatone-8 + gammatone-on-8, -0.1 - 1, error=l1, basis=0.05, partitions=5, test=1, selective_stopping=1>",0.00039371353322148836,/Users/yanyuwoo/Data/bids/derivatives/eelbrain/cache/trf/sub-10/subject-10_raw-0.5-20_epoch-story-segments_reference-mastoids_key-f1e8cfb2f32b2a75.pickle,pass,True,,5.0,8.0,0.625,False,False,False,False,True,use,True,True
2026-08-25T17:44:33,sub-11,gammatone-8-plus-gammatone-on-8,gammatone-8 + gammatone-on-8,boosting,0.5-20,story-segments,mastoids,,-0.1,1.0,50,continuous,ok,,,,0.0073635464707340935,0.012644225023687046,0.04722888466900949,-0.0632269276867902,0.02457192552510416,40,0.6557377049180327,32,25,61,False,2,"[(61, 8, 56), (61, 8, 56)]",True,True,True,"<BoostingResult eeg ~ gammatone-8 + gammatone-on-8, -0.1 - 1, error=l1, basis=0.05, partitions=5, test=1, selective_stopping=1>",-0.00016861615122219355,/Users/yanyuwoo/Data/bids/derivatives/eelbrain/cache/trf/sub-11/subject-11_raw-0.5-20_epoch-story-segments_reference-mastoids_key-616b08855c5e53f7.pickle,pass,True,,6.0,8.0,0.75,False,False,False,False,True,use,True,True
2026-08-25T17:45:39,sub-12,gammatone-8-plus-gammatone-on-8,gammatone-8 + gammatone-on-8,boosting,0.5-20,story-segments,mastoids,,-0.1,1.0,50,continuous,ok,,,,0.0364676767418578,0.03977872701239319,0.08767344138750655,-0.015223453788310895,0.019364571074020155,59,0.9672131147540983,49,56,61,False,2,"[(61, 8, 56), (61, 8, 56)]",True,True,True,"<BoostingResult eeg ~ gammatone-8 + gammatone-on-8, -0.1 - 1, error=l1, basis=0.05, partitions=5, test=1, selective_stopping=1>",0.0010363505243539803,/Users/yanyuwoo/Data/bids/derivatives/eelbrain/cache/trf/sub-12/subject-12_raw-0.5-20_epoch-story-segments_reference-mastoids_key-51274e160f345906.pickle,pass,True,,6.0,8.0,0.75,False,False,False,False,True,use,True,True
2026-08-25T17:47:06,sub-13,gammatone-8-plus-gammatone-on-8,gammatone-8 + gammatone-on-8,boosting,0.5-20,story-segments,mastoids,,-0.1,1.0,50,continuous,ok,,,,0.0799843350276475,0.07820409984776595,0.19336166965315893,-0.01982289068637795,0.06445078932563203,52,0.8524590163934426,44,52,61,False,2,"[(61, 8, 56), (61, 8, 56)]",True,True,True,"<BoostingResult eeg ~ gammatone-8 + gammatone-on-8, -0.1 - 1, error=l1, basis=0.05, partitions=5, test=1, selective_stopping=1>",0.007366635654863378,/Users/yanyuwoo/Data/bids/derivatives/eelbrain/cache/trf/sub-13/subject-13_raw-0.5-20_epoch-story-segments_reference-mastoids_key-d6fd2847b86b3834.pickle,pass,True,,8.0,8.0,1.0,False,False,False,False,True,use,True,True
2026-08-25T17:49:41,sub-14,gammatone-8-plus-gammatone-on-8,gammatone-8 + gammatone-on-8,boosting,0.5-20,story-segments,mastoids,,-0.1,1.0,50,continuous,ok,,,,0.08788367720651036,0.09496462782327054,0.16040981674864088,-0.0067314428182930755,0.04503896226490651,59,0.9672131147540983,59,56,61,False,2,"[(61, 8, 56), (61, 8, 56)]",True,True,True,"<BoostingResult eeg ~ gammatone-8 + gammatone-on-8, -0.1 - 1, error=l1, basis=0.05, partitions=5, test=1, selective_stopping=1>",0.005566384404707233,/Users/yanyuwoo/Data/bids/derivatives/eelbrain/cache/trf/sub-14/subject-14_raw-0.5-20_epoch-story-segments_reference-mastoids_key-e010245d4a017e78.pickle,pass,True,,4.0,4.0,1.0,False,False,True,False,True,use,True,True
2026-08-25T17:52:16,sub-15,gammatone-8-plus-gammatone-on-8,gammatone-8 + gammatone-on-8,boosting,0.5-20,story-segments,mastoids,,-0.1,1.0,50,continuous,ok,,,,0.0637452275129535,0.06787443326450703,0.13576398480159155,-0.03859960541115421,0.04636986046706037,53,0.8688524590163934,58,53,61,False,2,"[(61, 8, 56), (61, 8, 56)]",True,True,True,"<BoostingResult eeg ~ gammatone-8 + gammatone-on-8, -0.1 - 1, error=l1, basis=0.05, partitions=5, test=1, selective_stopping=1>",0.003959093567770805,/Users/yanyuwoo/Data/bids/derivatives/eelbrain/cache/trf/sub-15/subject-15_raw-0.5-20_epoch-story-segments_reference-mastoids_key-f7cc2d1d272ba34b.pickle,pass,True,,4.0,4.0,1.0,False,False,True,False,True,use,True,True
2026-08-25T17:54:20,sub-16,gammatone-8-plus-gammatone-on-8,gammatone-8 + gammatone-on-8,boosting,0.5-20,story-segments,mastoids,,-0.1,1.0,50,continuous,ok,,,,0.05600595191501673,0.053031284567605884,0.12392805421919459,-0.0042017586073234,0.03843986883254394,58,0.9508196721311475,34,31,61,False,2,"[(61, 8, 56), (61, 8, 56)]",True,True,True,"<BoostingResult eeg ~ gammatone-8 + gammatone-on-8, -0.1 - 1, error=l1, basis=0.05, partitions=5, test=1, selective_stopping=1>",0.0026675035813768064,/Users/yanyuwoo/Data/bids/derivatives/eelbrain/cache/trf/sub-16/subject-16_raw-0.5-20_epoch-story-segments_reference-mastoids_key-6ab744dc153c451f.pickle,fail,False,audio_alignment_failed,6.0,8.0,0.75,False,False,False,False,True,use,False,False
2026-08-25T17:56:14,sub-17,gammatone-8-plus-gammatone-on-8,gammatone-8 + gammatone-on-8,boosting,0.5-20,story-segments,mastoids,,-0.1,1.0,50,continuous,ok,,,,0.05789728614567712,0.05297932975319029,0.11504818848129177,-0.010094163037688005,0.030332328970534173,59,0.9672131147540983,60,52,61,False,2,"[(61, 8, 56), (61, 8, 56)]",True,True,True,"<BoostingResult eeg ~ gammatone-8 + gammatone-on-8, -0.1 - 1, error=l1, basis=0.05, partitions=5, test=1, selective_stopping=1>",0.0019463222644166601,/Users/yanyuwoo/Data/bids/derivatives/eelbrain/cache/trf/sub-17/subject-17_raw-0.5-20_epoch-story-segments_reference-mastoids_key-254f78eb4e834c92.pickle,pass,True,,6.0,8.0,0.75,False,False,False,False,True,use,True,True
2026-08-25T17:58:02,sub-18,gammatone-8-plus-gammatone-on-8,gammatone-8 + gammatone-on-8,boosting,0.5-20,story-segments,mastoids,,-0.1,1.0,50,continuous,ok,,,,0.046780105943142504,0.04817874777915677,0.08374806732914378,-0.01180174986656991,0.025246984435143085,59,0.9672131147540983,41,22,61,False,2,"[(61, 8, 56), (61, 8, 56)]",True,True,True,"<BoostingResult eeg ~ gammatone-8 + gammatone-on-8, -0.1 - 1, error=l1, basis=0.05, partitions=5, test=1, selective_stopping=1>",0.001476544333394168,/Users/yanyuwoo/Data/bids/derivatives/eelbrain/cache/trf/sub-18/subject-18_raw-0.5-20_epoch-story-segments_reference-mastoids_key-ec733754e58110e9.pickle,pass,True,,7.0,8.0,0.875,False,False,False,False,True,use,True,True
2026-08-25T17:59:37,sub-19,gammatone-8-plus-gammatone-on-8,gammatone-8 + gammatone-on-8,boosting,0.5-20,story-segments,mastoids,,-0.1,1.0,50,continuous,ok,,,,0.03158869884883023,0.029311786889169716,0.06790117890625184,-0.019382255092894003,0.02221267166824259,55,0.9016393442622951,33,32,61,False,2,"[(61, 8, 56), (61, 8, 56)]",True,True,True,"<BoostingResult eeg ~ gammatone-8 + gammatone-on-8, -0.1 - 1, error=l1, basis=0.05, partitions=5, test=1, selective_stopping=1>",0.001037838568007765,/Users/yanyuwoo/Data/bids/derivatives/eelbrain/cache/trf/sub-19/subject-19_raw-0.5-20_epoch-story-segments_reference-mastoids_key-bcf681fae8ce6357.pickle,pass,True,,8.0,8.0,1.0,False,False,False,False,True,use,True,True
2026-08-25T18:01:03,sub-20,gammatone-8-plus-gammatone-on-8,gammatone-8 + gammatone-on-8,boosting,0.5-20,story-segments,mastoids,,-0.1,1.0,50,continuous,ok,,,,0.012418795033879942,0.00992324074413885,0.10886828013644721,-0.02951403291459924,0.02250638207561379,45,0.7377049180327869,50,17,61,False,2,"[(61, 8, 56), (61, 8, 56)]",True,True,True,"<BoostingResult eeg ~ gammatone-8 + gammatone-on-8, -0.1 - 1, error=l1, basis=0.05, partitions=5, test=1, selective_stopping=1>",0.00021244004691431804,/Users/yanyuwoo/Data/bids/derivatives/eelbrain/cache/trf/sub-20/subject-20_raw-0.5-20_epoch-story-segments_reference-mastoids_key-1a5ca1087e72c095.pickle,pass,True,,5.0,8.0,0.625,False,False,False,False,True,use,True,True
2026-08-25T18:02:10,sub-21,gammatone-8-plus-gammatone-on-8,gammatone-8 + gammatone-on-8,boosting,0.5-20,story-segments,mastoids,,-0.1,1.0,50,continuous,ok,,,,0.028458809015751735,0.02758471660807744,0.06613079518908513,-0.00827327017117511,0.01910493161606023,55,0.9016393442622951,49,41,61,False,2,"[(61, 8, 56), (61, 8, 56)]",True,True,True,"<BoostingResult eeg ~ gammatone-8 + gammatone-on-8, -0.1 - 1, error=l1, basis=0.05, partitions=5, test=1, selective_stopping=1>",0.0012738788706996933,/Users/yanyuwoo/Data/bids/derivatives/eelbrain/cache/trf/sub-21/subject-21_raw-0.5-20_epoch-story-segments_reference-mastoids_key-b5fd51fe1b221ecd.pickle,pass,True,,,,,False,False,False,False,False,use,False,False
2026-08-25T18:03:32,sub-22,gammatone-8-plus-gammatone-on-8,gammatone-8 + gammatone-on-8,boosting,0.5-20,story-segments,mastoids,,-0.1,1.0,50,continuous,ok,,,,0.005148620863988076,0.0018672078498194675,0.059628521298228286,-0.04009673887578132,0.022862022514784447,34,0.5573770491803278,49,19,61,False,2,"[(61, 8, 56), (61, 8, 56)]",True,True,True,"<BoostingResult eeg ~ gammatone-8 + gammatone-on-8, -0.1 - 1, error=l1, basis=0.05, partitions=5, test=1, selective_stopping=1>",-7.533122936e-05,/Users/yanyuwoo/Data/bids/derivatives/eelbrain/cache/trf/sub-22/subject-22_raw-0.5-20_epoch-story-segments_reference-mastoids_key-1769825d364252f9.pickle,pass,True,,6.0,8.0,0.75,False,False,False,False,True,use,True,True
2026-08-25T18:04:32,sub-23,gammatone-8-plus-gammatone-on-8,gammatone-8 + gammatone-on-8,boosting,0.5-20,story-segments,mastoids,,-0.1,1.0,50,continuous,ok,,,,0.02147604852729061,0.019591421191748976,0.08302034357693944,-0.02562827425645028,0.023109756031043843,52,0.8524590163934426,32,55,61,False,2,"[(61, 8, 56), (61, 8, 56)]",True,True,True,"<BoostingResult eeg ~ gammatone-8 + gammatone-on-8, -0.1 - 1, error=l1, basis=0.05, partitions=5, test=1, selective_stopping=1>",0.00016687732951558575,/Users/yanyuwoo/Data/bids/derivatives/eelbrain/cache/trf/sub-23/subject-23_raw-0.5-20_epoch-story-segments_reference-mastoids_key-926247823d50166f.pickle,pass,True,,3.0,8.0,0.375,True,False,False,False,True,exclude: low score,True,True
2026-08-25T18:05:40,sub-24,gammatone-8-plus-gammatone-on-8,gammatone-8 + gammatone-on-8,boosting,0.5-20,story-segments,mastoids,,-0.1,1.0,50,continuous,ok,,,,0.008565353862204056,0.013520425792604299,0.061617444101210235,-0.04184746644402438,0.02551992616069144,40,0.6557377049180327,11,23,61,False,2,"[(61, 8, 56), (61, 8, 56)]",True,True,True,"<BoostingResult eeg ~ gammatone-8 + gammatone-on-8, -0.1 - 1, error=l1, basis=0.05, partitions=5, test=1, selective_stopping=1>",-7.034314991484378e-05,/Users/yanyuwoo/Data/bids/derivatives/eelbrain/cache/trf/sub-24/subject-24_raw-0.5-20_epoch-story-segments_reference-mastoids_key-9e40cf76c881daf8.pickle,pass,True,,4.0,8.0,0.5,True,False,False,False,True,exclude: low score,True,True
2026-08-25T18:06:42,sub-25,gammatone-8-plus-gammatone-on-8,gammatone-8 + gammatone-on-8,boosting,0.5-20,story-segments,mastoids,,-0.1,1.0,50,continuous,ok,,,,0.0326288047416886,0.0302714249657515,0.06565663379283482,-0.02705395920508786,0.018673146701520326,58,0.9508196721311475,9,23,61,False,2,"[(61, 8, 56), (61, 8, 56)]",True,True,True,"<BoostingResult eeg ~ gammatone-8 + gammatone-on-8, -0.1 - 1, error=l1, basis=0.05, partitions=5, test=1, selective_stopping=1>",0.0006644225600108471,/Users/yanyuwoo/Data/bids/derivatives/eelbrain/cache/trf/sub-25/subject-25_raw-0.5-20_epoch-story-segments_reference-mastoids_key-4650d26d3c8c83fd.pickle,pass,True,,5.0,8.0,0.625,False,False,False,False,True,use,True,True
2026-08-25T18:07:56,sub-26,gammatone-8-plus-gammatone-on-8,gammatone-8 + gammatone-on-8,boosting,0.5-20,story-segments,mastoids,,-0.1,1.0,50,continuous,ok,,,,0.026646264518780546,0.029743739738607784,0.06346001501970835,-0.02314501607386739,0.019180317389528124,55,0.9016393442622951,9,53,61,False,2,"[(61, 8, 56), (61, 8, 56)]",True,True,True,"<BoostingResult eeg ~ gammatone-8 + gammatone-on-8, -0.1 - 1, error=l1, basis=0.05, partitions=5, test=1, selective_stopping=1>",0.001219332398816003,/Users/yanyuwoo/Data/bids/derivatives/eelbrain/cache/trf/sub-26/subject-26_raw-0.5-20_epoch-story-segments_reference-mastoids_key-11c897faab08a647.pickle,pass,True,,6.0,8.0,0.75,False,False,False,False,True,use,True,True
2026-08-25T18:09:15,sub-27,gammatone-8-plus-gammatone-on-8,gammatone-8 + gammatone-on-8,boosting,0.5-20,story-segments,mastoids,,-0.1,1.0,50,continuous,ok,,,,0.035212877110210566,0.04360688423591563,0.07110616607707898,-0.02217795963849963,0.024641835429926283,57,0.9344262295081968,44,22,61,False,2,"[(61, 8, 56), (61, 8, 56)]",True,True,True,"<BoostingResult eeg ~ gammatone-8 + gammatone-on-8, -0.1 - 1, error=l1, basis=0.05, partitions=5, test=1, selective_stopping=1>",0.0008173952258519277,/Users/yanyuwoo/Data/bids/derivatives/eelbrain/cache/trf/sub-27/subject-27_raw-0.5-20_epoch-story-segments_reference-mastoids_key-6423dc9203284ed9.pickle,pass,True,,4.0,8.0,0.5,True,False,False,False,True,exclude: low score,True,True
2026-08-25T18:10:29,sub-28,gammatone-8-plus-gammatone-on-8,gammatone-8 + gammatone-on-8,boosting,0.5-20,story-segments,mastoids,,-0.1,1.0,50,continuous,ok,,,,0.05165272273054895,0.05376492605408387,0.10521436053330366,-0.025705474959379308,0.03402948635948163,57,0.9344262295081968,36,28,61,False,2,"[(61, 8, 56), (61, 8, 56)]",True,True,True,"<BoostingResult eeg ~ gammatone-8 + gammatone-on-8, -0.1 - 1, error=l1, basis=0.05, partitions=5, test=1, selective_stopping=1>",0.002051785665515114,/Users/yanyuwoo/Data/bids/derivatives/eelbrain/cache/trf/sub-28/subject-28_raw-0.5-20_epoch-story-segments_reference-mastoids_key-8b855eba6445b09b.pickle,pass,True,,7.0,8.0,0.875,False,True,False,False,False,exclude: noise,True,False
2026-08-25T18:12:07,sub-29,gammatone-8-plus-gammatone-on-8,gammatone-8 + gammatone-on-8,boosting,0.5-20,story-segments,mastoids,,-0.1,1.0,50,continuous,ok,,,,0.004295586137311769,0.0007039344697560427,0.04195704589292978,-0.05355431866741015,0.019403844340610196,33,0.5409836065573771,2,31,61,False,2,"[(61, 8, 56), (61, 8, 56)]",True,True,True,"<BoostingResult eeg ~ gammatone-8 + gammatone-on-8, -0.1 - 1, error=l1, basis=0.05, partitions=5, test=1, selective_stopping=1>",-0.00023992765810659333,/Users/yanyuwoo/Data/bids/derivatives/eelbrain/cache/trf/sub-29/subject-29_raw-0.5-20_epoch-story-segments_reference-mastoids_key-604f7096fd053c49.pickle,pass,True,,6.0,8.0,0.75,False,True,False,False,False,exclude: noise,True,False
2026-08-25T18:13:02,sub-30,gammatone-8-plus-gammatone-on-8,gammatone-8 + gammatone-on-8,boosting,0.5-20,story-segments,mastoids,,-0.1,1.0,50,continuous,ok,,,,0.007082456220577473,0.010518331311789747,0.03009784816935141,-0.02889129936926871,0.013798383918439797,44,0.7213114754098361,24,26,61,False,2,"[(61, 8, 56), (61, 8, 56)]",True,True,True,"<BoostingResult eeg ~ gammatone-8 + gammatone-on-8, -0.1 - 1, error=l1, basis=0.05, partitions=5, test=1, selective_stopping=1>",7.609287468114564e-05,/Users/yanyuwoo/Data/bids/derivatives/eelbrain/cache/trf/sub-30/subject-30_raw-0.5-20_epoch-story-segments_reference-mastoids_key-7136e9189cd0e26d.pickle,pass,True,,4.0,8.0,0.5,True,False,False,False,True,exclude: low score,True,True
2026-08-25T18:14:02,sub-31,gammatone-8-plus-gammatone-on-8,gammatone-8 + gammatone-on-8,boosting,0.5-20,story-segments,mastoids,,-0.1,1.0,50,continuous,ok,,,,-0.016090059300049833,-0.016870390689094038,0.035666593003886735,-0.04982725867599857,0.016940273633551783,8,0.13114754098360656,50,41,61,False,2,"[(61, 8, 56), (61, 8, 56)]",True,True,True,"<BoostingResult eeg ~ gammatone-8 + gammatone-on-8, -0.1 - 1, error=l1, basis=0.05, partitions=5, test=1, selective_stopping=1>",-0.0006609322221516106,/Users/yanyuwoo/Data/bids/derivatives/eelbrain/cache/trf/sub-31/subject-31_raw-0.5-20_epoch-story-segments_reference-mastoids_key-15d287af97634a8d.pickle,pass,True,,3.0,4.0,0.75,False,True,True,False,False,exclude: noise,True,False
2026-08-25T18:14:54,sub-32,gammatone-8-plus-gammatone-on-8,gammatone-8 + gammatone-on-8,boosting,0.5-20,story-segments,mastoids,,-0.1,1.0,50,continuous,ok,,,,0.06929349714037493,0.07207363706817911,0.10765363551921467,-0.010150207218250846,0.025269868445732563,60,0.9836065573770492,3,57,61,False,2,"[(61, 8, 56), (61, 8, 56)]",True,True,True,"<BoostingResult eeg ~ gammatone-8 + gammatone-on-8, -0.1 - 1, error=l1, basis=0.05, partitions=5, test=1, selective_stopping=1>",0.0023806778440268006,/Users/yanyuwoo/Data/bids/derivatives/eelbrain/cache/trf/sub-32/subject-32_raw-0.5-20_epoch-story-segments_reference-mastoids_key-5b27f9bcb3c851a2.pickle,pass,True,,4.0,8.0,0.5,True,False,False,False,True,exclude: low score,True,True
2026-08-25T18:16:29,sub-33,gammatone-8-plus-gammatone-on-8,gammatone-8 + gammatone-on-8,boosting,0.5-20,story-segments,mastoids,,-0.1,1.0,50,continuous,ok,,,,-0.004066538197752472,-0.012792421311548317,0.05558741742205233,-0.03271102479636591,0.021292126204604956,22,0.36065573770491804,49,27,61,False,2,"[(61, 8, 56), (61, 8, 56)]",True,True,True,"<BoostingResult eeg ~ gammatone-8 + gammatone-on-8, -0.1 - 1, error=l1, basis=0.05, partitions=5, test=1, selective_stopping=1>",-0.0002987319148885785,/Users/yanyuwoo/Data/bids/derivatives/eelbrain/cache/trf/sub-33/subject-33_raw-0.5-20_epoch-story-segments_reference-mastoids_key-b926929fa12e7ba1.pickle,pass,True,,8.0,8.0,1.0,False,True,False,False,False,exclude: noise,True,False
2026-08-25T18:17:29,sub-34,gammatone-8-plus-gammatone-on-8,gammatone-8 + gammatone-on-8,boosting,0.5-20,story-segments,mastoids,,-0.1,1.0,50,continuous,ok,,,,0.025562467819263555,0.0245247731048732,0.06651240072521025,-0.036034759070808386,0.024586874632894176,50,0.819672131147541,1,55,61,False,2,"[(61, 8, 56), (61, 8, 56)]",True,True,True,"<BoostingResult eeg ~ gammatone-8 + gammatone-on-8, -0.1 - 1, error=l1, basis=0.05, partitions=5, test=1, selective_stopping=1>",0.0009254555290638386,/Users/yanyuwoo/Data/bids/derivatives/eelbrain/cache/trf/sub-34/subject-34_raw-0.5-20_epoch-story-segments_reference-mastoids_key-eaaecc35decf4194.pickle,pass,True,,5.0,8.0,0.625,False,False,False,False,True,use,True,True
2026-08-25T18:18:46,sub-35,gammatone-8-plus-gammatone-on-8,gammatone-8 + gammatone-on-8,boosting,0.5-20,story-segments,mastoids,,-0.1,1.0,50,continuous,ok,,,,0.023124153428991035,0.02712270410580393,0.07872896150171478,-0.05402161193077648,0.03175062329988226,47,0.7704918032786885,4,61,61,False,2,"[(61, 8, 56), (61, 8, 56)]",True,True,True,"<BoostingResult eeg ~ gammatone-8 + gammatone-on-8, -0.1 - 1, error=l1, basis=0.05, partitions=5, test=1, selective_stopping=1>",0.0008109008209245366,/Users/yanyuwoo/Data/bids/derivatives/eelbrain/cache/trf/sub-35/subject-35_raw-0.5-20_epoch-story-segments_reference-mastoids_key-dbed6bc519a0754a.pickle,pass,True,,5.0,8.0,0.625,False,False,False,False,True,use,True,True
2026-08-25T18:20:04,sub-36,gammatone-8-plus-gammatone-on-8,gammatone-8 + gammatone-on-8,boosting,0.5-20,story-segments,mastoids,,-0.1,1.0,50,continuous,ok,,,,0.03624483983526392,0.04106954509049357,0.07129058953982519,-0.032836488533022644,0.019663159466070092,57,0.9344262295081968,9,28,61,False,2,"[(61, 8, 56), (61, 8, 56)]",True,True,True,"<BoostingResult eeg ~ gammatone-8 + gammatone-on-8, -0.1 - 1, error=l1, basis=0.05, partitions=5, test=1, selective_stopping=1>",0.001246217646851449,/Users/yanyuwoo/Data/bids/derivatives/eelbrain/cache/trf/sub-36/subject-36_raw-0.5-20_epoch-story-segments_reference-mastoids_key-774874b1661bfe64.pickle,pass,True,,6.0,8.0,0.75,False,False,False,False,True,use,True,True
2026-08-25T18:21:30,sub-37,gammatone-8-plus-gammatone-on-8,gammatone-8 + gammatone-on-8,boosting,0.5-20,story-segments,mastoids,,-0.1,1.0,50,continuous,ok,,,,0.01620003789302033,0.015287306531366104,0.062171880778788616,-0.054280437906091016,0.029386878697089606,40,0.6557377049180327,40,31,61,False,2,"[(61, 8, 56), (61, 8, 56)]",True,True,True,"<BoostingResult eeg ~ gammatone-8 + gammatone-on-8, -0.1 - 1, error=l1, basis=0.05, partitions=5, test=1, selective_stopping=1>",0.00032441297766323796,/Users/yanyuwoo/Data/bids/derivatives/eelbrain/cache/trf/sub-37/subject-37_raw-0.5-20_epoch-story-segments_reference-mastoids_key-667274e1ef1c0146.pickle,pass,True,,8.0,8.0,1.0,False,False,False,False,True,use,True,True
2026-08-25T18:22:50,sub-38,gammatone-8-plus-gammatone-on-8,gammatone-8 + gammatone-on-8,boosting,0.5-20,story-segments,mastoids,,-0.1,1.0,50,continuous,ok,,,,0.07266559757926037,0.08320189273674845,0.11294924918493723,-0.007170303446372555,0.030664555124952978,59,0.9672131147540983,5,28,61,False,2,"[(61, 8, 56), (61, 8, 56)]",True,True,True,"<BoostingResult eeg ~ gammatone-8 + gammatone-on-8, -0.1 - 1, error=l1, basis=0.05, partitions=5, test=1, selective_stopping=1>",0.0022201944579450174,/Users/yanyuwoo/Data/bids/derivatives/eelbrain/cache/trf/sub-38/subject-38_raw-0.5-20_epoch-story-segments_reference-mastoids_key-18507be3d8eadf61.pickle,pass,True,,8.0,8.0,1.0,False,False,False,False,True,use,True,True
2026-08-25T18:24:47,sub-39,gammatone-8-plus-gammatone-on-8,gammatone-8 + gammatone-on-8,boosting,0.5-20,story-segments,mastoids,,-0.1,1.0,50,continuous,ok,,,,0.01980444788333512,0.014622560400180763,0.07574621469980888,-0.03900329601977301,0.023192689519530334,50,0.819672131147541,59,22,61,False,2,"[(61, 8, 56), (61, 8, 56)]",True,True,True,"<BoostingResult eeg ~ gammatone-8 + gammatone-on-8, -0.1 - 1, error=l1, basis=0.05, partitions=5, test=1, selective_stopping=1>",4.040698529902828e-05,/Users/yanyuwoo/Data/bids/derivatives/eelbrain/cache/trf/sub-39/subject-39_raw-0.5-20_epoch-story-segments_reference-mastoids_key-9e5b1f655a07fa6f.pickle,pass,True,,3.0,8.0,0.375,False,False,False,True,True,use,True,True
2026-08-25T18:26:08,sub-40,gammatone-8-plus-gammatone-on-8,gammatone-8 + gammatone-on-8,boosting,0.5-20,story-segments,mastoids,,-0.1,1.0,50,continuous,ok,,,,0.02494577734246525,0.026390185501151017,0.0650551105754868,-0.030315689393021157,0.023077543725797043,52,0.8524590163934426,50,30,61,False,2,"[(61, 8, 56), (61, 8, 56)]",True,True,True,"<BoostingResult eeg ~ gammatone-8 + gammatone-on-8, -0.1 - 1, error=l1, basis=0.05, partitions=5, test=1, selective_stopping=1>",0.0004019636524213489,/Users/yanyuwoo/Data/bids/derivatives/eelbrain/cache/trf/sub-40/subject-40_raw-0.5-20_epoch-story-segments_reference-mastoids_key-2b51cfcca6f45159.pickle,pass,True,,6.0,8.0,0.75,False,False,False,False,True,use,True,True
2026-08-25T18:27:26,sub-41,gammatone-8-plus-gammatone-on-8,gammatone-8 + gammatone-on-8,boosting,0.5-20,story-segments,mastoids,,-0.1,1.0,50,continuous,ok,,,,0.021448732196393122,0.020148651846695072,0.0790931851081023,-0.028671356383073714,0.022889883850556427,47,0.7704918032786885,23,61,61,False,2,"[(61, 8, 56), (61, 8, 56)]",True,True,True,"<BoostingResult eeg ~ gammatone-8 + gammatone-on-8, -0.1 - 1, error=l1, basis=0.05, partitions=5, test=1, selective_stopping=1>",0.0005563773752400216,/Users/yanyuwoo/Data/bids/derivatives/eelbrain/cache/trf/sub-41/subject-41_raw-0.5-20_epoch-story-segments_reference-mastoids_key-fc00028a9f3b6c76.pickle,pass,True,,7.0,8.0,0.875,False,False,False,False,True,use,True,True
2026-08-25T18:28:44,sub-42,gammatone-8-plus-gammatone-on-8,gammatone-8 + gammatone-on-8,boosting,0.5-20,story-segments,mastoids,,-0.1,1.0,50,continuous,ok,,,,0.047600108036258464,0.05678749971095735,0.12723281691734478,-0.04322587606355247,0.04335899027122061,51,0.8360655737704918,10,28,61,False,2,"[(61, 8, 56), (61, 8, 56)]",True,True,True,"<BoostingResult eeg ~ gammatone-8 + gammatone-on-8, -0.1 - 1, error=l1, basis=0.05, partitions=5, test=1, selective_stopping=1>",0.00227622650116243,/Users/yanyuwoo/Data/bids/derivatives/eelbrain/cache/trf/sub-42/subject-42_raw-0.5-20_epoch-story-segments_reference-mastoids_key-722c580e5428b5c9.pickle,pass,True,,7.0,8.0,0.875,False,False,False,False,True,use,True,True
2026-08-25T18:30:32,sub-43,gammatone-8-plus-gammatone-on-8,gammatone-8 + gammatone-on-8,boosting,0.5-20,story-segments,mastoids,,-0.1,1.0,50,continuous,ok,,,,0.008225661197637329,0.006795620278446978,0.04842928785691831,-0.03582438766875952,0.01701563369777845,40,0.6557377049180327,54,25,61,False,2,"[(61, 8, 56), (61, 8, 56)]",True,True,True,"<BoostingResult eeg ~ gammatone-8 + gammatone-on-8, -0.1 - 1, error=l1, basis=0.05, partitions=5, test=1, selective_stopping=1>",-3.7218476970696156e-05,/Users/yanyuwoo/Data/bids/derivatives/eelbrain/cache/trf/sub-43/subject-43_raw-0.5-20_epoch-story-segments_reference-mastoids_key-8d98410b9c9d1115.pickle,pass,True,,2.0,8.0,0.25,True,False,False,False,True,exclude: low score,True,True
2026-08-25T18:31:38,sub-44,gammatone-8-plus-gammatone-on-8,gammatone-8 + gammatone-on-8,boosting,0.5-20,story-segments,mastoids,,-0.1,1.0,50,continuous,ok,,,,0.05253568342998203,0.0627983380718811,0.12046445009007217,-0.04968321026428955,0.039751137289085595,55,0.9016393442622951,49,27,61,False,2,"[(61, 8, 56), (61, 8, 56)]",True,True,True,"<BoostingResult eeg ~ gammatone-8 + gammatone-on-8, -0.1 - 1, error=l1, basis=0.05, partitions=5, test=1, selective_stopping=1>",0.001758539654957505,/Users/yanyuwoo/Data/bids/derivatives/eelbrain/cache/trf/sub-44/subject-44_raw-0.5-20_epoch-story-segments_reference-mastoids_key-539354d38c7676d6.pickle,pass,True,,7.0,8.0,0.875,False,False,False,False,True,use,True,True
2026-08-25T18:33:40,sub-45,gammatone-8-plus-gammatone-on-8,gammatone-8 + gammatone-on-8,boosting,0.5-20,story-segments,mastoids,,-0.1,1.0,50,continuous,ok,,,,0.07943768452016814,0.08334023114529301,0.13785153815516576,0.00404283059400779,0.038913833731319736,61,1.0,36,53,61,False,2,"[(61, 8, 56), (61, 8, 56)]",True,True,True,"<BoostingResult eeg ~ gammatone-8 + gammatone-on-8, -0.1 - 1, error=l1, basis=0.05, partitions=5, test=1, selective_stopping=1>",0.004148713240662462,/Users/yanyuwoo/Data/bids/derivatives/eelbrain/cache/trf/sub-45/subject-45_raw-0.5-20_epoch-story-segments_reference-mastoids_key-c32649f6073d939e.pickle,pass,True,,5.0,8.0,0.625,False,False,False,False,True,use,True,True
2026-08-25T18:35:58,sub-46,gammatone-8-plus-gammatone-on-8,gammatone-8 + gammatone-on-8,boosting,0.5-20,story-segments,mastoids,,-0.1,1.0,50,continuous,ok,,,,-0.027987204468138197,-0.02924182076594072,0.0095885655875345,-0.05536152948768245,0.012622946156436459,3,0.04918032786885246,49,42,61,False,2,"[(61, 8, 56), (61, 8, 56)]",True,True,True,"<BoostingResult eeg ~ gammatone-8 + gammatone-on-8, -0.1 - 1, error=l1, basis=0.05, partitions=5, test=1, selective_stopping=1>",-0.0005700134366474026,/Users/yanyuwoo/Data/bids/derivatives/eelbrain/cache/trf/sub-46/subject-46_raw-0.5-20_epoch-story-segments_reference-mastoids_key-e7e5728441985a77.pickle,pass,True,,3.0,8.0,0.375,True,True,False,False,False,exclude: low score & noise,True,False
2026-08-25T18:36:55,sub-47,gammatone-8-plus-gammatone-on-8,gammatone-8 + gammatone-on-8,boosting,0.5-20,story-segments,mastoids,,-0.1,1.0,50,continuous,ok,,,,0.008641665117256515,0.008333175100521733,0.05381485055221083,-0.025858357332234454,0.014532559375125834,45,0.7377049180327869,51,32,61,False,2,"[(61, 8, 56), (61, 8, 56)]",True,True,True,"<BoostingResult eeg ~ gammatone-8 + gammatone-on-8, -0.1 - 1, error=l1, basis=0.05, partitions=5, test=1, selective_stopping=1>",0.00017313609403493644,/Users/yanyuwoo/Data/bids/derivatives/eelbrain/cache/trf/sub-47/subject-47_raw-0.5-20_epoch-story-segments_reference-mastoids_key-d2fec152bcedee0c.pickle,pass,True,,4.0,8.0,0.5,True,True,False,False,False,exclude: low score & noise,True,False
2026-08-25T18:38:07,sub-48,gammatone-8-plus-gammatone-on-8,gammatone-8 + gammatone-on-8,boosting,0.5-20,story-segments,mastoids,,-0.1,1.0,50,continuous,ok,,,,0.014083319242950552,0.014082576106195985,0.05836293301722403,-0.02575461965344026,0.015764243512190253,52,0.8524590163934426,25,22,61,False,2,"[(61, 8, 56), (61, 8, 56)]",True,True,True,"<BoostingResult eeg ~ gammatone-8 + gammatone-on-8, -0.1 - 1, error=l1, basis=0.05, partitions=5, test=1, selective_stopping=1>",0.00013435153929372784,/Users/yanyuwoo/Data/bids/derivatives/eelbrain/cache/trf/sub-48/subject-48_raw-0.5-20_epoch-story-segments_reference-mastoids_key-8ac262c105303535.pickle,pass,True,,7.0,8.0,0.875,False,False,False,False,True,use,True,True
2026-08-25T18:39:22,sub-49,gammatone-8-plus-gammatone-on-8,gammatone-8 + gammatone-on-8,boosting,0.5-20,story-segments,mastoids,,-0.1,1.0,50,continuous,ok,,,,0.018624966456573366,0.020702285568933707,0.06734822603599339,-0.034090887219371584,0.02304822660867907,48,0.7868852459016393,19,54,61,False,2,"[(61, 8, 56), (61, 8, 56)]",True,True,True,"<BoostingResult eeg ~ gammatone-8 + gammatone-on-8, -0.1 - 1, error=l1, basis=0.05, partitions=5, test=1, selective_stopping=1>",0.00038070317611101784,/Users/yanyuwoo/Data/bids/derivatives/eelbrain/cache/trf/sub-49/subject-49_raw-0.5-20_epoch-story-segments_reference-mastoids_key-76cafec19215709b.pickle,pass,True,,6.0,8.0,0.75,False,True,False,False,False,exclude: noise,True,False
